SNID,File_key,Galaxy_Key,RA_Galaxy,Dec_Galaxy,Position_Angle,Major_Axis,Minor_Axis,Mag,Mag_Error,Flux,Flux_Error
2005W,hst_15145_0b_wfc3_ir_f160w_idgg0b_drz.cat,1,27.6650786,21.7627499,-46.0,81.409,31.479,-8.8374,0.0069,3427.351,21.82495
2005W,hst_15145_06_wfc3_ir_f160w_idgg06_drz.cat,2,27.6741157,21.7599586,3.37,70.521,42.052,-13.4106,0.0001,231338.4,25.70033
2005W,hst_15145_03_wfc3_ir_f160w_idgg03_drz.cat,3,27.6741172,21.7599733,4.37,70.741,42.607,-13.4051,0.0001,230160.5,26.27288
2005W,idgg03020_drz.cat,4,27.6737205,21.7600109,69.21,56.137,44.75,-13.4464,0.0001,239087.8,32.11785
2005W,idgg01020_drz.cat,5,27.6736709,21.7601296,60.18,72.74,45.621,-13.4669,0.0002,243650.6,37.04984
2005W,hst_15145_01_wfc3_ir_f160w_idgg01_drz.cat,6,27.6738928,21.7600726,14.6,68.292,48.526,-13.3681,0.0001,222457.3,26.98297
2005W,idgg06020_drz.cat,7,27.6737091,21.7599723,64.9,54.673,43.249,-13.4471,0.0002,239254.2,33.15957
2005W,hst_skycell-p1770x03y10_wfc3_ir_f160w_all_drz.cat,8,27.6755551,21.7365459,43.55,9.005,3.332,-2.7619,0.0204,12.72777,0.2393117
2005W,idgg0b020_drz.cat,9,27.6737077,21.7601722,67.32,75.197,44.56,-13.4658,0.0002,243407.9,37.0137
2005W,hst_skycell-p1770x03y10_wfc3_ir_f160w_coarse-all_drz.cat,10,27.6759905,21.734996,71.0,1.044,0.583,-5.0711,0.0034,106.7636,0.3375749
2006X,hst_skycell-p1636x21y19_wfc3_ir_f110w_coarse-all_drz.cat,11,185.7209775,15.8045306,0.0,1.097,0.289,-7.8461,0.0031,1375.417,3.894352
2006X,hst_skycell-p1635x04y19_wfc3_ir_f110w_coarse-all_drz.cat,12,185.8160198,15.7961322,-63.27,0.787,0.78,-2.7456,0.1914,12.53815,2.209568
2006X,hst_skycell-p1722x05y02_wfc3_ir_f110w_coarse-all_drz.cat,13,185.7287881,15.8222918,30.02,48.768,40.356,-15.3815,0.0001,1421014.0,120.9912
2006X,hst_16075_01_wfc3_ir_f160w_ie9801_drz.cat,14,185.7288239,15.8223461,46.64,47.007,38.361,-14.954,0.0001,958511.0,98.27016
2006X,hst_16075_01_wfc3_ir_f110w_ie9801_drz.cat,15,185.7287693,15.8223383,52.44,47.347,38.992,-15.5041,0.0001,1590907.0,160.9632
2006X,hst_skycell-p1635x04y19_wfc3_ir_f160w_all_drz.cat,16,185.8140156,15.7942549,36.12,0.857,0.813,-0.3173,0.0697,1.339458,0.08602514
2006X,hst_14178_ct_wfc3_ir_f110w_id1kct_drz.cat,17,185.813355,15.7951112,65.4,1.117,0.854,-1.3752,0.158,3.548681,0.5163657
2006X,iejn02010_drz.cat,18,185.7531752,15.8384692,-89.69,54.638,0.808,-6.1478,0.0088,287.8075,2.332886
2006X,hst_16500_62_wfc3_ir_f160w_iejn62_drz.cat,19,185.7269767,15.8232436,-48.66,45.124,12.034,-13.1575,0.0003,183234.4,55.40087
2006X,ie9801020_drz.cat,20,185.7286999,15.8222738,66.17,48.515,38.32,-14.9309,0.0001,938329.8,108.2516
2006X,hst_14178_cu_wfc3_ir_f160w_id1kcu_drz.cat,21,185.8327412,15.8200771,-9.88,45.755,32.548,-11.5152,0.0005,40372.61,17.65461
2006X,hst_skycell-p1635x04y19_wfc3_ir_f110w_all_drz.cat,22,185.8140199,15.7942586,47.87,0.895,0.676,-0.6736,0.0726,1.859745,0.1243495
2006X,hst_15133_31_wfc3_ir_f160w_idkv31_drz.cat,23,185.7288731,15.8222828,41.77,46.563,38.548,-14.8435,0.0001,865740.3,101.3993
2006X,iejn62010_drz.cat,24,185.7287721,15.8222813,50.37,49.247,39.02,-14.9051,0.0001,916292.8,107.5405
2006X,hst_skycell-p1722x05y02_wfc3_ir_f160w_all_drz.cat,25,185.7214012,15.7969714,-58.42,12.79,9.246,-7.2217,0.0025,773.9056,1.760417
2006X,hst_skycell-p1636x21y19_wfc3_ir_f110w_all_drz.cat,26,185.721066,15.8045258,1.1,1.566,0.658,-5.9149,0.0024,232.2611,0.5234144
2006X,hst_16500_02_wfc3_ir_f160w_iejn02_drz.cat,27,185.7400556,15.8082394,-10.23,88.027,4.475,-5.8167,0.0195,212.1699,3.810811
2006X,ie9801010_drz.cat,28,185.7287613,15.822287,61.51,47.031,41.162,-15.4696,0.0001,1541077.0,178.6915
2006X,idkv31030_drz.cat,29,185.7288847,15.8223073,81.07,50.096,35.317,-14.8729,0.0001,889559.1,111.998
2006X,hst_14178_cs_wfc3_ir_f110w_id1kcs_drz.cat,30,185.814084,15.7951765,-84.3,0.711,0.655,-1.1001,0.2139,2.754414,0.5424742
2006X,hst_14178_cr_wfc3_ir_f160w_id1kcr_drz.cat,31,185.8326799,15.8200468,-12.68,44.227,31.834,-11.4903,0.0006,39455.85,20.74008
2006X,hst_14178_cr_wfc3_ir_f110w_id1kcr_drz.cat,32,185.832688,15.820057,-10.96,48.288,33.643,-12.1674,0.0004,73614.82,27.12822
2006X,hst_skycell-p1636x21y19_wfc3_ir_f160w_coarse-all_drz.cat,33,185.7287996,15.8223838,39.21,51.408,39.896,-14.676,0.0001,741960.8,85.64054
2006X,hst_skycell-p1635x04y19_wfc3_ir_f160w_coarse-all_drz.cat,34,185.8160199,15.7961232,-2.19,0.732,0.682,-1.8806,0.2615,5.652561,1.361225
2006X,hst_skycell-p1722x05y02_wfc3_ir_f160w_coarse-all_drz.cat,35,185.7200276,15.7982231,-0.14,1.0,0.5,-2.3636,0.1753,8.819191,1.423352
2006X,hst_skycell-p1636x21y19_wfc3_ir_f160w_all_drz.cat,36,185.7220851,15.804057,-13.59,2.0,0.711,-3.464,0.0177,24.29863,0.3952959
2006X,hst_skycell-p1722x05y02_wfc3_ir_f110w_all_drz.cat,37,185.7210648,15.8045256,-10.22,1.728,0.678,-6.8077,0.0018,528.5477,0.865541
2005mz,hst_skycell-p2166x04y09_wfc3_ir_f160w_all_drz.cat,38,49.7957276,41.384687,62.06,2.871,1.318,99.0,99.0,-59.14044,0.1017745
2005mz,hst_11207_07_acs_sbc_f140lp_ja2707_drz.cat,39,49.9600228,41.4971478,-12.39,0.843,0.687,6.257,0.0,0.003141918,5.866032e-08
2005mz,hst_skycell-p2166x04y09_wfc3_ir_f160w_coarse-all_drz.cat,40,49.7956815,41.3849338,46.84,7.879,2.092,-9.2594,0.0003,5055.535,1.345049
2005mz,icoe02010_drz.cat,41,49.9353294,41.5160931,64.19,20.259,6.704,-12.4486,0.0001,95378.66,5.906785
2005mz,n46001021_mos.cat,42,49.950709,41.511974,10.75,33.133,24.815,-10.2623,0.0017,12732.83,20.39183
2005mz,n46001020_mos.cat,43,49.9506674,41.5119858,12.17,32.876,24.292,-10.2259,0.0018,12313.13,20.6579
2005mz,hst_11207_07_acs_sbc_f140lp_drz.cat,44,49.960516,41.4973451,46.0,0.861,0.802,5.2907,0.0,0.007651195,7.825108e-08
2005mz,hst_13050_01_wfc3_ir_f160w_ic0b01_drz.cat,45,49.7693754,41.4686191,-67.56,36.395,22.733,-12.3984,0.0001,91070.13,6.917314
2005mz,icoe02070_drz.cat,46,49.9506598,41.5117085,-88.25,11.995,9.897,-13.8124,0.0016,334945.2,490.8319
2005mz,ja2708010_drz.cat,47,49.9743623,41.5099589,51.93,0.895,0.831,7.0997,0.0,0.001445778,3.875622e-08
2005mz,ja2706010_drz.cat,48,49.9485197,41.5096447,11.93,1.676,0.622,6.2575,0.0,0.003140511,5.129453e-08
2005mz,icoe02060_drz.cat,49,49.9506561,41.5117074,-88.42,12.113,9.971,-13.8228,0.0017,338150.2,519.1381
2005mz,icoe02050_drz.cat,50,49.9506568,41.5117114,-86.15,12.101,10.012,-13.8193,0.0017,337068.5,513.985
2005mz,hst_13662_02_wfc3_ir_f160w_icoe02_drz.cat,51,49.964781,41.4704055,-77.7,1.498,1.18,-5.8858,0.0052,226.1143,1.080023
2005mz,hst_13050_02_wfc3_ir_f160w_ic0b02_drz.cat,52,49.8048803,41.3230885,-52.91,1.744,0.746,-5.1441,0.0039,114.1914,0.4058562
2005mz,icoe02080_drz.cat,53,49.9506515,41.5117113,89.98,12.239,10.121,-13.8295,0.0016,340241.7,503.3603
2005mz,icoe02040_drz.cat,54,49.9506666,41.5116936,63.79,43.64,40.259,-14.3096,0.0001,529456.4,24.65668
2005mz,icoe02030_drz.cat,55,49.9705741,41.4827082,57.8,2.242,2.21,-7.5578,0.0011,1054.674,1.022168
2005mz,hst_11207_06_acs_sbc_f140lp_drz.cat,56,49.9430762,41.4978673,-87.13,0.83,0.781,6.9779,0.0001,0.001617543,8.699492e-08
2005mz,hst_11207_08_acs_sbc_f140lp_ja2708_drz.cat,57,49.9700571,41.4971859,-7.91,1.378,0.59,5.5044,0.0,0.00628393,6.028403e-08
2005mz,HST_7330_1r_NIC_NIC2_F160W_drz.cat,58,49.9505268,41.5118263,33.88,48.263,33.681,-11.7658,0.0007,50852.98,34.77719
2005mz,hst_11207_08_acs_sbc_f140lp_drz.cat,59,49.9703814,41.4973296,64.54,1.002,0.819,4.6687,0.0,0.01356868,8.689182e-08
2005mz,icoe02020_drz.cat,60,49.9352839,41.5160963,67.03,10.107,4.998,-12.4459,0.0,95139.83,3.331293
2005mz,hst_13050_11_wfc3_ir_f160w_ic0b11_drz.cat,61,50.0311226,41.605312,-61.4,11.091,10.479,-8.8541,0.0007,3480.4,2.352088
2005mz,hst_11207_06_acs_sbc_f140lp_ja2706_drz.cat,62,49.9431401,41.4974433,0.0,0.866,0.707,6.257,0.0,0.003141826,5.398526e-08
2005mz,n3zb1r010_mos.cat,63,49.9505594,41.5118023,11.19,35.917,27.241,-10.359,0.0011,13919.13,14.67893
2005mz,ja2707010_drz.cat,64,49.9651894,41.5093661,-90.0,0.866,0.707,6.2576,0.0,0.003140089,4.690782e-08
2006D,hst_15640_01_wfc3_ir_f160w_idxb01_drz.cat,65,193.144598,-9.7766155,31.02,51.686,31.216,-13.2952,0.0,208017.6,5.481133
2006D,hst_15640_05_wfc3_ir_f160w_idxb05_drz.cat,66,193.1445959,-9.7766132,31.49,51.977,31.511,-13.3,0.0,208926.9,5.464296
2006D,hst_15640_0a_wfc3_ir_f160w_idxb0a_drz.cat,67,193.1445933,-9.7765618,34.11,42.988,27.397,-13.2678,0.0,202815.1,8.6701
2006D,idxb0anmq_drz.cat,68,193.1445527,-9.7765644,50.14,45.334,30.09,-13.266,0.0,202491.6,9.307319
2006D,idxb04glq_drz.cat,69,193.1446001,-9.7765917,50.39,46.855,31.608,-13.266,0.0,202490.0,8.041042
2006D,hst_15640_04_wfc3_ir_f160w_idxb04_drz.cat,70,193.1446017,-9.7765804,36.88,45.231,28.867,-13.2733,0.0,203862.7,7.489522
2006D,idxb02030_drz.cat,71,193.1445454,-9.7765449,48.9,50.56,31.947,-13.2703,0.0,203287.8,5.391154
2006D,idxb0b030_drz.cat,72,193.1445519,-9.7765514,43.1,47.789,30.379,-13.2655,0.0,202402.3,6.492996
2006D,idxb06o5q_drz.cat,73,193.1445444,-9.7765573,49.97,46.919,30.725,-13.2644,0.0,202192.4,8.236526
2006D,idxb08j3q_drz.cat,74,193.1445447,-9.7765315,49.69,47.005,31.368,-13.2743,0.0,204034.6,8.927252
2006D,hst_skycell-p1102x15y12_wfc3_ir_f160w_coarse-all_drz.cat,75,193.1446085,-9.7765914,29.43,55.327,36.176,-13.2744,0.0,204064.5,2.226788
2006D,hst_15640_06_wfc3_ir_f160w_idxb06_drz.cat,76,193.1446048,-9.7765751,31.86,45.39,28.684,-13.2823,0.0,205559.0,7.816233
2006D,idxb09030_drz.cat,77,193.1445468,-9.7765482,46.93,50.518,31.292,-13.2683,0.0,202911.6,6.317418
2006D,idxb05030_drz.cat,78,193.144546,-9.7765443,48.43,50.43,31.921,-13.2735,0.0,203888.5,5.367579
2006D,hst_15640_0b_wfc3_ir_f160w_idxb0b_drz.cat,79,193.144577,-9.7765754,30.17,49.599,30.118,-13.2804,0.0,205199.8,6.564883
2006D,hst_15640_08_wfc3_ir_f160w_idxb08_drz.cat,80,193.1445922,-9.776564,35.5,44.168,28.069,-13.2803,0.0,205177.7,8.113932
2006D,idxb07030_drz.cat,81,193.144543,-9.7765466,47.83,50.777,31.153,-13.2712,0.0,203463.2,5.727918
2006D,hst_skycell-p1102x15y12_wfc3_ir_f160w_all_drz.cat,82,193.132436,-9.7941024,-25.26,5.76,5.136,-5.5171,0.0003,161.0031,0.04377246
2006D,hst_15640_02_wfc3_ir_f160w_idxb02_drz.cat,83,193.1445593,-9.7765597,29.82,49.039,30.181,-13.2767,0.0,204499.8,5.230546
2006D,hst_15640_09_wfc3_ir_f160w_idxb09_drz.cat,84,193.1445438,-9.7765528,31.13,47.226,29.934,-13.2731,0.0,203816.8,5.952182
2006D,idxb03030_drz.cat,85,193.1445426,-9.7765472,47.8,50.911,32.543,-13.2736,0.0,203910.3,5.326977
2006D,hst_15640_03_wfc3_ir_f160w_idxb03_drz.cat,86,193.1445932,-9.7766145,30.94,52.008,31.927,-13.301,0.0,209123.3,5.389905
2006D,idxb01030_drz.cat,87,193.1491768,-9.7814839,-44.07,15.562,4.253,-10.6701,0.0001,18536.55,1.095986
2006D,hst_15640_07_wfc3_ir_f160w_idxb07_drz.cat,88,193.1445608,-9.776563,31.17,50.607,30.728,-13.2832,0.0,205731.1,5.664442
2007au,if7q89010_drz.cat,89,107.924346,49.8666599,57.54,35.363,21.976,-11.888,0.0002,56910.0,10.47452
2007au,hst_17436_89_wfc3_ir_f110w_if7q89_drz.cat,90,107.9244507,49.8622462,34.66,50.162,31.184,-14.3534,0.0,551286.9,10.88559
2007af,ie5406070_drz.cat,91,215.5602049,-0.3969524,-86.5,0.959,0.772,-4.4483,0.1641,60.16027,9.089566
2007af,hst_11570_41_wfc3_ir_f160w_drz.cat,92,215.6131879,-0.4079402,11.02,1.18,1.027,-1.3563,0.1295,3.487474,0.4159509
2007af,hst_skycell-p1376x13y01_wfc3_ir_f160w_coarse-all_drz.cat,93,215.6135114,-0.4080154,30.68,3.19,0.83,-6.7651,0.0035,508.1875,1.631995
2007af,hst_skycell-p1286x13y18_wfc3_ir_f140w_all_drz.cat,94,215.5959952,-0.3971662,-71.59,0.773,0.447,-1.8593,0.196,5.542523,1.000424
2007af,hst_skycell-p1286x13y18_wfc3_ir_f125w_coarse-all_drz.cat,95,215.5858592,-0.3981414,-2.96,0.746,0.679,-4.1789,0.2481,46.94349,10.72606
2007af,ib1f42t6q_drz.cat,96,215.5904561,-0.3883236,-13.78,42.278,14.368,-8.7373,0.0076,3125.452,21.75222
2007af,hst_skycell-p1376x13y01_wfc3_ir_f105w_all_drz.cat,97,215.5945841,-0.3978461,17.23,1.331,0.663,-2.8663,0.1257,14.01265,1.622467
2007af,ie5406060_drz.cat,98,215.5591016,-0.3961603,80.7,0.991,0.466,-6.9184,0.0134,585.3008,7.247175
2007af,ib1f42010_drz.cat,99,215.5821966,-0.3904947,-9.54,1.051,0.711,-2.109,0.1165,6.975901,0.7483535
2007af,hst_15889_06_wfc3_ir_f125w_ie5406_drz.cat,100,215.5858408,-0.3981206,18.88,1.565,0.51,-4.4272,0.1751,59.00502,9.514468
2007af,hst_15889_06_wfc3_ir_f140w_ie5406_drz.cat,101,215.5917416,-0.3967889,-79.03,0.946,0.474,-4.3824,0.1405,56.61621,7.325722
2007af,ie5406010_drz.cat,102,215.5820545,-0.3949059,88.0,0.951,0.734,-4.0256,0.1561,40.76112,5.859231
2007af,hst_skycell-p1376x13y01_wfc3_ir_f105w_coarse-all_drz.cat,103,215.5969659,-0.3977205,86.59,0.788,0.498,-4.1039,0.1609,43.80799,6.488832
2007af,hst_skycell-p1376x13y01_wfc3_ir_f140w_all_drz.cat,104,215.5948544,-0.3971421,3.61,1.384,0.469,-2.5244,0.1444,10.22723,1.36033
2007af,hst_skycell-p1286x13y18_wfc3_ir_f105w_all_drz.cat,105,215.5954359,-0.397834,-3.55,1.424,0.472,-2.4878,0.1581,9.887903,1.439615
2007af,hst_11570_42_wfc3_ir_f160w_drz.cat,106,215.6136536,-0.4080147,50.22,1.311,0.884,99.0,99.0,-1.515663,0.2623479
2007af,hst_11570_41_wfc3_ir_f160w_ib1f41_drz.cat,107,215.6131573,-0.4078498,-17.71,0.901,0.881,-1.7206,0.1938,4.878159,0.8706952
2007af,hst_skycell-p1286x13y18_wfc3_ir_f140w_coarse-all_drz.cat,108,215.5961668,-0.3969561,70.07,0.769,0.425,-3.7432,0.2097,31.42582,6.068305
2007af,hst_skycell-p1376x13y01_wfc3_ir_f140w_coarse-all_drz.cat,109,215.5874834,-0.3968127,-54.46,1.196,0.291,-4.0187,0.1676,40.50211,6.251072
2007af,hst_skycell-p1286x13y18_wfc3_ir_f160w_all_drz.cat,110,215.6126702,-0.4083085,24.02,0.56,0.406,-0.6419,0.0258,1.806138,0.04293986
2007af,hst_skycell-p1376x13y01_wfc3_ir_f125w_all_drz.cat,111,215.5974588,-0.3986284,16.4,0.756,0.447,-2.0559,0.3043,6.643056,1.861174
2007af,hst_15889_06_wfc3_ir_f105w_ie5406_drz.cat,112,215.5969749,-0.3977237,85.69,0.792,0.492,-4.1823,0.1599,47.08878,6.934941
2007af,hst_skycell-p1286x13y18_wfc3_ir_f105w_coarse-all_drz.cat,113,215.5969694,-0.3977176,86.17,0.785,0.495,-4.0573,0.2081,41.96687,8.040183
2007af,hst_15889_06_wfc3_ir_f160w_ie5406_drz.cat,114,215.5913189,-0.3956025,12.58,1.922,0.855,-4.1142,0.215,44.22548,8.754532
2007af,hst_11570_42_wfc3_ir_f160w_ib1f42_drz.cat,115,215.6131346,-0.4082206,-56.24,1.445,0.762,-6.1611,0.0033,291.3557,0.8886448
2007af,hst_skycell-p1376x13y01_wfc3_ir_f125w_coarse-all_drz.cat,116,215.5837658,-0.3979959,28.11,0.948,0.809,-4.2398,0.258,49.6502,11.79354
2007af,ib1f41mrq_drz.cat,117,215.5904688,-0.3885715,-15.97,49.814,13.827,-8.872,0.007,3538.4,22.84031
2007af,hst_skycell-p1376x13y01_wfc3_ir_f160w_all_drz.cat,118,215.6120316,-0.4081814,28.87,1.425,0.728,-1.8586,0.0106,5.539054,0.05383766
2007af,hst_mos_1013227_wfc3_ir_f160w_drz.cat,119,215.6141785,-0.4055234,-83.09,50.376,10.449,-5.2587,0.0102,126.903,1.190308
2007af,hst_skycell-p1286x13y18_wfc3_ir_f160w_coarse-all_drz.cat,120,215.6127585,-0.4083031,16.86,0.707,0.396,-4.2523,0.0132,50.22506,0.6125677
2007af,hst_skycell-p1286x13y18_wfc3_ir_f125w_all_drz.cat,121,215.5970097,-0.3985797,0.79,0.794,0.5,-2.3773,0.2376,8.931422,1.95395
2007af,ib1f41010_drz.cat,122,215.5904491,-0.3884947,-19.16,73.732,14.848,-9.0471,0.0066,4157.622,25.20905
2007af,ie5406040_drz.cat,123,215.5584184,-0.3950458,87.89,1.841,0.615,-4.8376,0.142,86.10952,11.26204
2005al,hst_17446_24_wfc3_ir_f110w_if7r24_drz.cat,124,207.509062,-30.5901972,-74.19,4.953,4.744,-12.7382,0.0,124532.7,1.53174
2005al,if7r24010_drz.cat,125,207.506255,-30.5783963,66.33,63.245,38.569,-14.4066,0.0,578949.8,20.44215
2005al,hst_skycell-p0681x19y08_wfc3_ir_f110w_coarse-all_drz.cat,126,207.4883959,-30.5993675,-89.73,2.196,0.933,-5.2513,0.004,126.0421,0.461971
2005al,hst_skycell-p0681x19y08_wfc3_ir_f110w_all_drz.cat,127,207.4936352,-30.5946658,-27.98,33.606,12.644,-8.0869,0.0005,1716.975,0.7123753
2005al,hst_skycell-p0681x19y09_wfc3_ir_f110w_coarse-all_drz.cat,128,207.5058692,-30.5773536,33.27,59.422,36.293,-13.5738,0.0,268865.2,9.746757
2005al,hst_skycell-p0681x19y09_wfc3_ir_f110w_all_drz.cat,129,207.5160967,-30.578677,-8.22,1.001,0.479,1.0715,0.1585,0.3727455,0.05440186
2005M,n90ze4030_mos.cat,130,144.3869113,23.2032039,-88.83,31.276,16.438,-9.1036,0.0022,4379.792,8.888699
2005M,HST_10182_e4_NIC_NIC3_F160W_drz.cat,131,144.3843469,23.2068683,18.77,84.966,31.047,-8.2949,0.0034,2079.51,6.531296
2005M,HST_10182_e2_NIC_NIC3_F110W_drz.cat,132,144.3874197,23.2055851,35.55,43.448,23.605,-7.9959,0.0101,1578.963,14.75725
2005M,HST_10182_e1_NIC_NIC3_F110W_drz.cat,133,144.3915696,23.2036353,-50.97,41.718,41.146,99.0,99.0,-715.3024,2.148139
2005M,n90ze4020_mos.cat,134,144.3852391,23.2032297,85.98,21.419,7.889,-7.8133,0.0075,1334.447,9.182834
2005M,n90ze2030_mos.cat,135,144.3869511,23.2030915,28.06,18.924,16.595,-8.9507,0.0019,3804.491,6.7945
2005M,HST_10182_e1_NIC_NIC3_F160W_drz.cat,136,144.3733215,23.1989358,-89.94,33.34,5.631,-0.7473,0.0002,1.990304,0.0004232511
2005M,HST_10182_e4_NIC_NIC3_F110W_drz.cat,137,144.3842817,23.2069225,-24.89,34.629,24.136,-7.773,0.0106,1285.904,12.49555
2005M,HST_10182_e2_NIC_NIC3_F160W_drz.cat,138,144.3872534,23.2030749,71.7,33.007,27.112,-10.5851,0.0005,17141.12,7.867201
2005M,n90ze2020_mos.cat,139,144.386864,23.2033196,88.55,19.092,11.097,-8.4419,0.0042,2381.101,9.271227
2005M,n90ze5030_mos.cat,140,144.3850436,23.2033498,-73.49,16.15,6.467,-7.8664,0.0033,1401.382,4.216024
2005M,HST_10182_e5_NIC_NIC3_F110W_drz.cat,141,144.3849586,23.2033471,55.71,27.902,13.458,-9.49,0.0026,6251.995,14.81616
2005M,HST_10182_e3_NIC_NIC3_F160W_drz.cat,142,144.3869834,23.203539,83.92,54.803,30.228,-10.7056,0.0007,19152.62,12.73952
2005M,n90ze5020_mos.cat,143,144.385049,23.2033444,-62.06,14.51,6.537,-7.7742,0.0074,1287.353,8.752021
2005M,n90ze1020_mos.cat,144,144.3756493,23.1945799,-10.63,18.697,5.242,-6.3615,0.0145,350.4334,4.677315
2005M,n90ze3030_mos.cat,145,144.3868387,23.2030749,89.73,24.999,15.668,-8.9901,0.0021,3945.007,7.658318
2005M,n90ze3020_mos.cat,146,144.3867874,23.2032926,-65.34,21.184,12.336,-8.5406,0.0043,2607.656,10.42988
2005M,n90ze1030_mos.cat,147,144.3868051,23.2035406,53.29,26.42,14.912,-8.8508,0.0023,3469.993,7.386742
2005M,HST_10182_e5_NIC_NIC3_F160W_drz.cat,148,144.3865086,23.2034168,79.67,33.892,17.989,-10.3973,0.0008,14417.88,10.42163
2005M,HST_10182_e3_NIC_NIC3_F110W_drz.cat,149,144.3854789,23.2034389,64.88,35.66,13.566,-9.2317,0.0028,4928.333,12.74063
2005ke,hst_skycell-p0726x07y16_wfc3_ir_f160w_coarse-all_drz.cat,150,53.7493078,-24.9225763,66.04,5.428,3.177,-5.0969,0.0704,109.3389,7.08357
2005ke,hst_skycell-p0726x07y15_wfc3_ir_f160w_coarse-all_drz.cat,151,53.7555371,-24.9331569,22.84,76.645,37.647,-14.5144,0.0001,639358.2,46.82347
2005ke,hst_skycell-p0726x07y16_wfc3_ir_f160w_all_drz.cat,152,53.7654824,-24.9241339,-19.05,0.749,0.451,1.2213,0.236,0.3246976,0.07055359
2005ke,idkv07030_drz.cat,153,53.755639,-24.9333013,40.21,69.385,36.823,-14.5673,0.0001,671303.2,66.38624
2005ke,hst_15133_07_wfc3_ir_f160w_idkv07_drz.cat,154,53.7557004,-24.9331952,20.01,70.93,36.591,-14.5922,0.0001,686875.2,51.10398
2005ke,hst_skycell-p0726x07y15_wfc3_ir_f160w_all_drz.cat,155,53.7477358,-24.9559408,-65.49,8.159,6.386,-4.2269,0.0184,49.06167,0.8308761
2002fb,hst_17436_12_wfc3_ir_f110w_if7q12_drz.cat,156,29.4597474,36.3430743,-58.88,48.305,44.15,-14.7283,0.0,778587.2,12.09022
2002fb,if7q12010_drz.cat,157,29.4597399,36.3430617,-30.73,45.595,42.913,-14.7269,0.0,777588.4,16.04633
2002fk,hst_skycell-p0978x05y05_wfc3_ir_f160w_all_drz.cat,158,50.5341893,-15.4210352,76.15,14.995,9.707,-6.2623,0.0012,319.83,0.3468581
2002fk,na4m03010_mos.cat,159,50.5256048,-15.4084269,-2.86,1.933,1.278,-0.9764,0.0657,2.457984,0.1487032
2002fk,hst_15145_33_wfc3_ir_f160w_idgg33_drz.cat,160,154.2230311,73.4007045,67.38,57.187,46.794,-15.0465,0.0001,1043774.0,48.96202
2002fk,HST_10802_57_NIC_NIC2_F160W_drz.cat,161,50.516525,-15.4006612,89.02,34.567,16.885,-7.9292,0.0016,1484.779,2.204442
2002fk,HST_10802_f5_NIC_NIC2_F160W_drz.cat,162,50.5283586,-15.4048793,-42.12,60.499,36.892,-8.9606,0.0013,3839.278,4.69808
2002fk,ib1f20030_drz.cat,163,50.5194879,-15.3958642,-18.85,109.101,18.625,-10.3819,0.0011,14215.27,14.19037
2002fk,idgg33020_drz.cat,164,154.2227621,73.4005957,-85.88,56.264,44.655,-15.0686,0.0001,1065201.0,68.13321
2002fk,hst_15145_39_wfc3_ir_f160w_idgg39_drz.cat,165,154.223238,73.4006844,52.96,59.634,52.647,-15.126,0.0,1123088.0,50.10025
2002fk,n9r757010_mos.cat,166,50.5109568,-15.4007515,13.06,6.574,5.895,-2.9853,0.0257,15.63549,0.370067
2002fk,HST_11329_03_NIC_NIC2_F160W_drz.cat,167,50.5292329,-15.4075196,-46.86,50.03,11.461,99.0,99.0,-147.7133,0.0001220824
2002fk,n9r755010_mos.cat,168,50.5165294,-15.4006823,44.29,10.118,4.53,-5.7558,0.0021,200.593,0.3789566
2002fk,idgg31020_drz.cat,169,154.2230451,73.4006644,-84.12,54.888,43.017,-15.0444,0.0001,1041753.0,70.45885
2002fk,ib1f20020_drz.cat,170,50.5194971,-15.3958854,-16.23,99.371,14.176,-10.2693,0.0011,12815.1,13.43286
2002fk,hst_15145_37_wfc3_ir_f160w_idgg37_drz.cat,171,154.2232237,73.400662,50.35,60.62,52.432,-15.1221,0.0,1119073.0,51.12999
2002fk,HST_10802_f6_NIC_NIC2_F160W_drz.cat,172,50.5283723,-15.4048951,-40.97,60.804,37.979,-9.0073,0.0013,4007.76,4.781088
2002fk,na4m01010_mos.cat,173,50.5288747,-15.4097811,-11.78,2.093,1.665,-1.5013,0.0769,3.985796,0.2821412
2002fk,hst_skycell-p2583x18y09_wfc3_ir_f160w_all_drz.cat,174,154.1960113,73.376895,10.42,24.009,15.574,-6.9601,0.0113,608.2086,6.30422
2002fk,n9r7f7010_mos.cat,175,50.5288469,-15.4097892,-21.27,2.976,2.05,-1.9434,0.0628,5.989195,0.3465642
2002fk,idgg35020_drz.cat,176,154.2228057,73.4005929,-86.07,55.705,44.053,-15.0676,0.0001,1064206.0,68.30173
2002fk,idgg39020_drz.cat,177,154.2241786,73.4007297,29.04,61.014,42.709,-15.0329,0.0001,1030800.0,77.23727
2002fk,hst_15145_3b_wfc3_ir_f160w_idgg3b_drz.cat,178,154.2232291,73.4006681,49.63,60.763,51.733,-15.1162,0.0,1112964.0,50.68431
2002fk,hst_11570_20_wfc3_ir_f160w_drz.cat,179,50.5348374,-15.422509,22.68,0.536,0.535,1.9535,0.1955,0.1654257,0.02978176
2002fk,HST_11329_05_NIC_NIC2_F160W_drz.cat,180,50.5283852,-15.4048715,-42.45,60.507,35.86,-8.9754,0.0013,3891.757,4.744763
2002fk,na4m05010_mos.cat,181,50.528846,-15.4097917,83.91,2.827,1.987,-1.897,0.0641,5.738557,0.3384941
2002fk,n9r7f5010_mos.cat,182,50.5288734,-15.4097843,49.5,2.789,1.357,-1.9059,0.0626,5.786018,0.3336537
2002fk,idgg37020_drz.cat,183,154.2241073,73.4005966,28.02,61.184,43.326,-15.0329,0.0001,1030776.0,73.47179
2002fk,ib1f20040_drz.cat,184,50.5336125,-15.395903,-75.38,34.572,20.361,-10.3762,0.0007,14141.46,9.285502
2002fk,n9r756010_mos.cat,185,50.5140188,-15.404465,18.82,4.106,1.874,-1.8343,0.0593,5.416372,0.2958321
2002fk,hst_15889_02_wfc3_ir_f160w_ie5402_drz.cat,186,50.5421544,-15.3814877,-86.2,1.108,0.495,-3.4061,0.2779,23.03849,5.89487
2002fk,hst_11570_20_wfc3_ir_f160w_ib1f20_drz.cat,187,50.5357384,-15.4153018,-71.22,15.468,7.879,-7.1549,0.0032,727.7415,2.122601
2002fk,na4m02010_mos.cat,188,50.5288718,-15.4097987,76.29,3.271,2.132,-1.995,0.0636,6.2803,0.3676302
2002fk,hst_16234_69_wfc3_ir_f160w_ieel69_drz.cat,189,154.0811036,73.3813527,-15.81,1.98,0.583,-6.8981,0.02,574.4391,10.59771
2002fk,idgg3b020_drz.cat,190,154.22425,73.400687,27.98,61.117,43.515,-15.0337,0.0001,1031533.0,72.90399
2002fk,n9r758010_mos.cat,191,50.5165307,-15.4006757,43.28,9.989,4.178,-5.7265,0.0021,195.2503,0.3753532
2002fk,HST_11329_04_NIC_NIC2_F160W_drz.cat,192,50.5331459,-15.409697,86.31,35.634,8.697,0.7418,0.0,0.504978,1.170439e-05
2002fk,na4m04010_mos.cat,193,50.5288419,-15.4097896,81.04,2.064,2.02,-1.6109,0.0716,4.409284,0.2908977
2002fk,hst_15145_31_wfc3_ir_f160w_idgg31_drz.cat,194,154.2229907,73.4007164,67.11,56.892,46.911,-15.043,0.0001,1040436.0,48.24276
2002fk,HST_11329_02_NIC_NIC2_F160W_drz.cat,195,50.5283668,-15.4048803,-41.28,60.326,37.311,-8.9682,0.0013,3866.101,4.639252
2002fk,HST_10802_58_NIC_NIC2_F160W_drz.cat,196,50.5106214,-15.4029301,-89.9,24.907,3.735,99.0,99.0,-0.01692274,6.552421e-05
2002fk,n9r7f6010_mos.cat,197,50.5285938,-15.4100804,-22.38,1.899,0.692,-0.1479,0.1113,1.145903,0.1174434
2002fk,HST_10802_55_NIC_NIC2_F160W_drz.cat,198,50.5106196,-15.4025456,-89.92,24.191,3.739,99.0,99.0,-0.4322209,2.291145e-05
2002fk,HST_10802_f7_NIC_NIC2_F160W_drz.cat,199,50.5283911,-15.4048804,-41.86,61.02,36.839,-8.9588,0.0013,3832.86,4.626006
2002fk,hst_16234_70_wfc3_ir_f160w_ieel70_drz.cat,200,154.2033973,73.3989531,86.86,18.769,5.187,-9.9502,0.0116,9551.256,102.2498
2002fk,ib1f20010_drz.cat,201,50.5360325,-15.4043923,-28.79,133.051,21.597,-9.9013,0.0021,9130.66,17.48436
2002fk,HST_10802_56_NIC_NIC2_F160W_drz.cat,202,50.5106214,-15.4024228,-89.98,21.841,3.734,3.5534,0.0018,0.03789999,6.152543e-05
2002fk,hst_skycell-p2583x18y09_wfc3_ir_f160w_coarse-all_drz.cat,203,154.2006842,73.3763609,-24.62,0.68,0.374,-5.3031,0.0137,132.2075,1.673717
2002fk,HST_10802_f4_NIC_NIC2_F160W_drz.cat,204,50.5283532,-15.4048921,-42.66,61.514,37.026,-8.9722,0.0013,3880.377,4.696067
2002fk,n9r7f4010_mos.cat,205,50.525807,-15.4082716,-64.08,4.154,1.672,-1.8481,0.0564,5.485622,0.2849576
2002fk,HST_11329_01_NIC_NIC2_F160W_drz.cat,206,50.529209,-15.4081411,-89.11,52.43,25.709,99.0,99.0,-396.9805,9.616304e-05
2002fk,hst_skycell-p0978x05y05_wfc3_ir_f160w_coarse-all_drz.cat,207,50.5357376,-15.4153018,-53.3,10.996,9.559,-7.1298,0.002,711.0813,1.303482
2002fk,hst_15145_35_wfc3_ir_f160w_idgg35_drz.cat,208,154.2230171,73.4007482,61.54,62.206,47.101,-15.0531,0.0001,1050107.0,51.35683
2007sr,hst_skycell-p0923x09y07_wfc3_ir_f160w_all_drz.cat,209,180.4627307,-18.9900944,9.75,2.348,1.686,-5.7402,0.013,197.7287,2.370642
2007sr,hst_15889_07_wfc3_ir_f125w_ie5407_drz.cat,210,180.4666256,-18.9900714,51.19,1.817,1.003,-6.8383,0.0296,543.6708,14.81542
2007sr,hst_15889_07_wfc3_ir_f140w_ie5407_drz.cat,211,180.464473,-18.9900278,-60.88,1.8,1.101,-5.7168,0.0877,193.5117,15.63225
2007sr,hst_skycell-p0923x09y07_wfc3_ir_f140w_coarse-all_drz.cat,212,180.4644899,-18.9900168,56.12,1.479,0.762,-5.2913,0.0981,130.7785,11.81409
2007sr,hst_skycell-p0923x09y07_wfc3_ir_f125w_all_drz.cat,213,180.4667847,-18.9900466,-29.06,5.191,2.198,99.0,99.0,-660.4052,6.894295
2007sr,hst_skycell-p0923x09y07_wfc3_ir_f125w_coarse-all_drz.cat,214,180.4670801,-18.9898883,82.53,1.454,0.831,-4.0651,0.3046,42.27064,11.85763
2007sr,ie5407040_drz.cat,215,180.494248,-18.9651342,-85.68,1.231,0.49,-4.8823,0.2098,89.72321,17.33322
2007sr,hst_11577_20_wfc3_ir_f160w_ib5u20_drz.cat,216,180.4828042,-18.8685994,56.52,42.335,29.316,-11.3605,0.0028,35010.81,90.79795
2007sr,hst_skycell-p0923x09y07_wfc3_ir_f140w_all_drz.cat,217,180.4645334,-18.9900603,-33.23,3.601,0.965,-5.3281,0.0305,135.2825,3.796805
2007sr,ie5407070_drz.cat,218,180.4668111,-18.9900108,5.15,1.182,0.654,99.0,99.0,-190.4548,9.435805
2007sr,ie5407060_drz.cat,219,180.465684,-18.9893591,-19.23,2.264,1.532,-5.0975,0.195,109.3929,19.63887
2007sr,hst_skycell-p0923x09y07_wfc3_ir_f160w_coarse-all_drz.cat,220,180.4621372,-18.9899576,9.18,1.525,0.9,-3.9816,0.2116,39.14261,7.627049
2007sr,hst_15889_07_wfc3_ir_f105w_ie5407_drz.cat,221,180.4661293,-18.9900553,84.48,1.316,1.222,-10.0807,0.0033,10771.51,32.43143
2007sr,ie5407010_drz.cat,222,180.47442,-18.9761162,36.28,2.378,2.281,-10.8282,0.0008,21441.78,15.60074
2007sr,hst_15889_07_wfc3_ir_f160w_ie5407_drz.cat,223,180.4629378,-18.9898116,-68.44,1.477,1.192,-3.4244,0.435,23.42846,9.383813
2007sr,hst_skycell-p0923x09y07_wfc3_ir_f105w_all_drz.cat,224,180.4656381,-18.9900797,-56.78,2.584,1.269,-7.7262,0.003,1231.627,3.444787
2007sr,hst_skycell-p0923x09y07_wfc3_ir_f105w_coarse-all_drz.cat,225,180.4661137,-18.9901379,-58.54,0.796,0.347,-9.8815,0.0016,8966.169,12.92854
2002cr,idgg5b020_drz.cat,226,211.6564428,-5.4532112,48.67,65.245,17.881,-8.977,0.0047,3897.718,16.92786
2002cr,hst_15145_51_wfc3_ir_f160w_idgg51_drz.cat,227,211.6374028,-5.4764443,-55.89,8.413,2.792,-9.0057,0.0009,4001.93,3.349154
2002cr,hst_skycell-p1195x06y13_wfc3_ir_f160w_all_drz.cat,228,211.637864,-5.476933,22.93,75.096,16.307,99.0,99.0,-350.9696,0.6688882
2002cr,hst_15145_55_wfc3_ir_f160w_idgg55_drz.cat,229,211.6373961,-5.476446,-55.79,8.433,2.885,-7.9911,0.0018,1572.01,2.648184
2002cr,idgg51020_drz.cat,230,211.6565073,-5.4532877,51.8,73.689,19.409,-9.0324,0.0051,4101.837,19.09483
2002cr,hst_15145_59_wfc3_ir_f160w_idgg59_drz.cat,231,211.6373768,-5.476479,-58.01,7.636,2.887,-7.949,0.0019,1512.216,2.679614
2002cr,hst_15145_53_wfc3_ir_f160w_idgg53_drz.cat,232,211.6373802,-5.4764691,-45.64,14.561,3.113,-8.9267,0.0009,3721.314,3.187503
2002cr,hst_skycell-p1195x06y13_wfc3_ir_f160w_coarse-all_drz.cat,233,211.637396,-5.4764455,-58.92,7.458,3.321,-8.4691,0.0008,2441.475,1.896062
2002cr,hst_15145_57_wfc3_ir_f160w_idgg57_drz.cat,234,211.637397,-5.4764767,-53.93,6.389,2.199,-5.9081,0.0044,230.8087,0.9258172
2002cr,idgg53020_drz.cat,235,211.6564277,-5.4531865,45.82,47.399,18.352,-8.7583,0.0049,3186.616,14.51266
2002cr,hst_15145_5b_wfc3_ir_f160w_idgg5b_drz.cat,236,211.6373783,-5.4764726,-49.61,8.668,3.624,-8.301,0.0014,2091.215,2.782248
2002cr,idgg57020_drz.cat,237,211.6368955,-5.4580293,-51.56,32.208,22.281,-9.2362,0.0028,4948.51,12.78068
2002cr,idgg59020_drz.cat,238,211.6564517,-5.4532275,51.54,72.282,18.422,-9.0235,0.005,4068.325,18.57718
2002cr,idgg55020_drz.cat,239,211.656438,-5.4532128,51.45,71.298,18.499,-9.036,0.0049,4115.416,18.53794
2002cr,hst_skycell-p1195x05y13_wfc3_ir_f160w_coarse-all_drz.cat,240,211.6478355,-5.4532676,86.8,58.394,10.435,-8.5263,0.0015,2573.371,3.619307
2008fv,hst_15145_33_wfc3_ir_f160w_idgg33_drz.cat,241,154.2230311,73.4007045,67.38,57.187,46.794,-15.0465,0.0001,1043774.0,48.96202
2008fv,idgg33020_drz.cat,242,154.2227621,73.4005957,-85.88,56.264,44.655,-15.0686,0.0001,1065201.0,68.13321
2008fv,hst_15145_39_wfc3_ir_f160w_idgg39_drz.cat,243,154.223238,73.4006844,52.96,59.634,52.647,-15.126,0.0,1123088.0,50.10025
2008fv,idgg31020_drz.cat,244,154.2230451,73.4006644,-84.12,54.888,43.017,-15.0444,0.0001,1041753.0,70.45885
2008fv,hst_15145_37_wfc3_ir_f160w_idgg37_drz.cat,245,154.2232237,73.400662,50.35,60.62,52.432,-15.1221,0.0,1119073.0,51.12999
2008fv,hst_skycell-p2583x18y09_wfc3_ir_f160w_all_drz.cat,246,154.1960113,73.376895,10.42,24.009,15.574,-6.9601,0.0113,608.2086,6.30422
2008fv,idgg35020_drz.cat,247,154.2228057,73.4005929,-86.07,55.705,44.053,-15.0676,0.0001,1064206.0,68.30173
2008fv,idgg39020_drz.cat,248,154.2241786,73.4007297,29.04,61.014,42.709,-15.0329,0.0001,1030800.0,77.23727
2008fv,hst_15145_3b_wfc3_ir_f160w_idgg3b_drz.cat,249,154.2232291,73.4006681,49.63,60.763,51.733,-15.1162,0.0,1112964.0,50.68431
2008fv,idgg37020_drz.cat,250,154.2241073,73.4005966,28.02,61.184,43.326,-15.0329,0.0001,1030776.0,73.47179
2008fv,hst_16234_69_wfc3_ir_f160w_ieel69_drz.cat,251,154.0811036,73.3813527,-15.81,1.98,0.583,-6.8981,0.02,574.4391,10.59771
2008fv,idgg3b020_drz.cat,252,154.22425,73.400687,27.98,61.117,43.515,-15.0337,0.0001,1031533.0,72.90399
2008fv,hst_15145_31_wfc3_ir_f160w_idgg31_drz.cat,253,154.2229907,73.4007164,67.11,56.892,46.911,-15.043,0.0001,1040436.0,48.24276
2008fv,hst_16234_70_wfc3_ir_f160w_ieel70_drz.cat,254,154.2033973,73.3989531,86.86,18.769,5.187,-9.9502,0.0116,9551.256,102.2498
2008fv,hst_skycell-p2583x18y09_wfc3_ir_f160w_coarse-all_drz.cat,255,154.2006842,73.3763609,-24.62,0.68,0.374,-5.3031,0.0137,132.2075,1.673717
2008fv,hst_15145_35_wfc3_ir_f160w_idgg35_drz.cat,256,154.2230171,73.4007482,61.54,62.206,47.101,-15.0531,0.0001,1050107.0,51.35683
2006mr,hst_skycell-p0497x09y14_wfc3_ir_f110w_all_drz.cat,257,50.6996246,-37.3333434,-17.84,0.763,0.451,0.021,0.0981,0.9808007,0.08857537
2006mr,n4b707010_mos.cat,258,50.6738057,-37.2078755,58.16,39.233,22.011,-12.6318,0.0009,112904.7,97.37138
2006mr,hst_skycell-p0497x09y14_wfc3_ir_f110w_coarse-all_drz.cat,259,50.6988011,-37.3333213,-2.19,1.22,0.438,-4.5683,0.0066,67.19539,0.4073031
2006mr,n4b707070_mos.cat,260,50.6738141,-37.2078714,51.66,40.956,21.774,-10.5606,0.001,16758.79,16.0078
2006mr,ib3n03060_drz.cat,261,50.6737663,-37.208012,35.45,70.256,35.733,-17.0457,0.0001,6580866.0,438.0425
2006mr,hst_13691_37_wfc3_ir_f110w_icnw37_drz.cat,262,50.6976207,-37.3332669,2.89,0.721,0.155,0.8282,0.4842,0.4663473,0.2079171
2006mr,hst_11691_03_wfc3_ir_f110w_drz.cat,263,50.6857506,-37.2264292,-72.91,33.173,10.573,-8.7705,0.0114,3222.433,33.85078
2006mr,ib3n03050_drz.cat,264,50.6737567,-37.208002,33.69,68.614,39.701,-16.5288,0.0001,4087936.0,270.1121
2006mr,n4b707040_mos.cat,265,50.6879207,-37.2058829,-47.78,0.709,0.703,-1.894,0.0311,5.72252,0.1639086
2006mr,n4b707030_mos.cat,266,50.6738529,-37.2078473,57.93,41.0,22.99,-13.02,0.0009,161433.9,129.6303
2006mr,hst_13691_32_wfc3_ir_f160w_icnw32_drz.cat,267,50.6984225,-37.3279069,51.91,1.713,1.135,-6.4658,0.0013,385.7519,0.4504847
2006mr,n4b707020_mos.cat,268,50.6877759,-37.2056816,2.94,1.179,0.495,-1.0548,0.2487,2.641821,0.6049563
2006mr,hst_11691_03_wfc3_ir_f160w_drz.cat,269,50.677547,-37.2331918,-0.48,26.511,7.076,-8.0015,0.0089,1587.109,13.03646
2006mr,hst_13691_36_wfc3_ir_f160w_icnw36_drz.cat,270,50.6977621,-37.3273233,-29.7,0.877,0.653,-4.4008,0.0143,57.58859,0.7561813
2006mr,hst_skycell-p0497x09y14_wfc3_ir_f160w_coarse-all_drz.cat,271,50.6977951,-37.3278526,72.86,0.778,0.492,-3.2771,0.0093,20.45692,0.1757037
2006mr,ib3n03030_drz.cat,272,50.6737863,-37.2080291,34.47,68.912,39.45,-17.0858,0.0001,6828576.0,461.6491
2006mr,hst_11691_03_wfc3_ir_f110w_ib3n03_drz.cat,273,50.6736654,-37.2079692,-36.53,71.893,43.725,-17.0936,0.0,6877588.0,307.7593
2006mr,hst_11691_03_wfc3_ir_f160w_ib3n03_drz.cat,274,50.6736815,-37.2079722,-36.91,70.917,42.127,-16.5196,0.0,4053592.0,180.0513
2007F,hst_11110_04_acs_sbc_f150lp_j9zp04_drz.cat,275,195.8144501,50.6149779,-30.62,1.264,1.065,3.5363,0.0,0.03850223,5.737107e-08
2007F,j9zp04030_drz.cat,276,195.8058175,50.6213909,88.77,4.292,3.0,4.1649,0.0,0.02157947,3.973329e-07
2007F,j9zp04020_drz.cat,277,195.8054153,50.6212662,16.31,1.24,0.683,4.9802,0.1099,0.01018362,0.001030572
2007F,hst_11110_04_acs_sbc_f150lp_drz.cat,278,195.8142636,50.6150477,17.42,0.702,0.623,5.4574,0.1234,0.006561911,0.000745875
2007F,j9zp04010_drz.cat,279,195.8062027,50.621645,7.94,1.354,0.758,4.58,0.0691,0.01472322,0.000936217
2007F,hst_11110_04_acs_sbc_f125lp_j9zp04_drz.cat,280,195.8143554,50.6148982,0.0,0.708,0.5,6.5943,0.2092,0.00230297,0.0004435392
2007F,hst_11110_04_acs_sbc_f125lp_drz.cat,281,195.8149164,50.61703,-53.46,18.822,8.898,-1.7832,0.0104,5.16759,0.04930163
2007F,hst_11110_04_acs_sbc_f140lp_drz.cat,282,195.8166435,50.6166835,-79.49,17.854,7.847,-1.2994,0.0134,3.309546,0.04084254
2007F,hst_11110_04_acs_sbc_f140lp_j9zp04_drz.cat,283,195.8143619,50.6148464,59.91,1.268,0.61,3.4446,0.0,0.04189624,1.422146e-07
2010ai,hst_skycell-p1892x05y19_wfc3_ir_f160w_all_drz.cat,284,194.8445711,27.9153691,49.35,42.726,18.18,-11.407,0.0,36542.89,0.4648824
2010ai,hst_skycell-p1973x15y02_wfc3_ir_f160w_all_drz.cat,285,194.9331213,27.9129818,-66.7,30.728,13.586,-11.2479,0.0,31560.38,0.3093462
2010ai,hst_14182_14_wfc3_ir_f160w_icwr14_drz.cat,286,194.8562114,27.9732201,-42.6,26.776,14.748,-11.6615,0.0001,46193.66,2.45025
2010ai,hst_14182_06_wfc3_ir_f160w_icwr06_drz.cat,287,194.8837445,27.9210607,-15.89,21.093,18.734,-8.8798,0.0008,3563.692,2.494094
2010ai,hst_skycell-p1973x15y03_wfc3_ir_f160w_coarse-all_drz.cat,288,194.9586472,27.9722303,0.37,1.114,0.494,-0.0767,0.0705,1.073178,0.06966504
2010ai,hst_11711_02_wfc3_ir_f160w_ib2i02_drz.cat,289,194.9178691,27.9682709,-39.89,24.115,12.238,-11.1029,0.0002,27617.06,5.240754
2010ai,hst_14182_07_wfc3_ir_f160w_icwr07_drz.cat,290,194.8697855,27.9376172,39.69,9.649,7.281,-14.21,0.0,483041.9,0.887311
2010ai,icwr14050_drz.cat,291,194.8748423,27.9565424,63.01,51.735,22.233,-11.7052,0.0001,48091.62,2.813014
2010ai,hst_14182_11_wfc3_ir_f160w_icwr11_drz.cat,292,195.0216664,27.9766901,43.08,94.789,50.615,-10.6033,0.0009,17431.02,13.81858
2010ai,hst_skycell-p1892x05y19_wfc3_ir_f160w_coarse-all_drz.cat,293,194.8837575,27.9210707,-9.02,21.79,18.821,-8.8243,0.0006,3386.326,1.84967
2010ai,hst_14182_59_wfc3_ir_f160w_icwr59_drz.cat,294,195.0225148,28.024486,67.67,46.216,20.715,-11.1494,0.0001,28825.15,2.699397
2010ai,hst_skycell-p1973x15y03_wfc3_ir_f160w_all_drz.cat,295,194.9564334,27.9721848,-7.62,1.015,0.477,2.4106,0.1775,0.1085787,0.01774549
2010ai,hst_14182_13_wfc3_ir_f160w_icwr13_drz.cat,296,194.9096797,27.9871887,-41.65,36.783,23.433,-11.192,0.0003,29978.03,7.656799
2010ai,hst_skycell-p1973x15y02_wfc3_ir_f160w_coarse-all_drz.cat,297,194.8390661,27.9147852,-23.96,58.212,36.418,-11.496,0.0004,39663.41,15.84715
2010ai,hst_14182_18_wfc3_ir_f160w_icwr18_drz.cat,298,194.8761544,28.0209005,-54.8,19.501,15.226,-8.9372,0.0004,3757.172,1.527043
2010ai,hst_14182_12_wfc3_ir_f160w_icwr12_drz.cat,299,194.9448737,27.9738461,-80.88,40.33,28.201,-12.4149,0.0,92457.03,3.878858
2007A,iedh14020_drz.cat,300,6.3181261,12.8949658,-42.4,52.387,19.044,-9.7606,0.0005,8021.52,3.495702
2007A,hst_skycell-p1592x19y06_wfc3_ir_f160w_coarse-all_drz.cat,301,6.324759,12.8637245,52.8,5.846,4.232,-4.2906,0.006,52.0288,0.289281
2007A,iedh18020_drz.cat,302,6.3197821,12.8837441,-27.94,68.459,51.412,-12.9614,0.0001,152958.8,7.14087
2007A,hst_16269_14_wfc3_ir_f160w_iedh14_drz.cat,303,6.3289381,12.8621036,-60.56,5.185,4.153,-6.3015,0.0017,331.6019,0.5102941
2007A,iedh22020_drz.cat,304,6.318154,12.8949138,-42.42,52.245,18.586,-9.7939,0.0006,8271.254,4.790266
2007A,iedh16020_drz.cat,305,6.3181354,12.8949483,-42.45,52.052,18.778,-9.7582,0.0005,8003.673,3.584413
2007A,iedh20020_drz.cat,306,6.3197926,12.8837346,-29.62,68.351,50.284,-12.9583,0.0001,152518.6,7.935625
2007A,iedh12020_drz.cat,307,6.3181599,12.8948814,-42.38,52.791,18.984,-9.7879,0.0005,8225.095,3.48338
2007A,hst_16269_20_wfc3_ir_f160w_iedh20_drz.cat,308,6.3289282,12.8620989,-54.54,5.738,4.07,-6.3031,0.0021,332.0662,0.6486329
2007A,hst_16269_22_wfc3_ir_f160w_iedh22_drz.cat,309,6.3247612,12.8637189,49.23,4.89,3.477,-4.2172,0.0165,48.62618,0.7406334
2007A,hst_skycell-p1592x19y06_wfc3_ir_f160w_all_drz.cat,310,6.3247623,12.8637183,51.22,15.688,11.27,-4.1732,0.0025,46.69554,0.1081349
2007A,hst_16269_16_wfc3_ir_f160w_iedh16_drz.cat,311,6.328928,12.8621195,-45.28,4.957,4.07,-6.2919,0.0017,328.6736,0.5153541
2007A,hst_16269_12_wfc3_ir_f160w_iedh12_drz.cat,312,6.3289263,12.8621109,-49.74,5.281,4.016,-6.2993,0.0016,330.9273,0.5021146
2007A,hst_16269_18_wfc3_ir_f160w_iedh18_drz.cat,313,6.3247543,12.8637186,48.39,4.799,3.466,-4.2148,0.0123,48.52201,0.5480366
2008L,hst_14654_14_wfc3_ir_f110w_id9214_drz.cat,314,49.3219394,41.3854222,3.56,51.391,38.885,-13.7736,0.0,323185.3,6.937964
2008L,hst_skycell-p2166x06y08_wfc3_ir_f110w_all_drz.cat,315,49.3257505,41.3603567,-62.43,3.286,3.035,-6.4531,0.0005,381.2744,0.1908734
2008L,id9214020_drz.cat,316,49.3311585,41.3894995,-87.58,33.312,12.308,-9.2516,0.0008,5019.292,3.589459
2008L,hst_skycell-p2166x06y09_wfc3_ir_f110w_coarse-all_drz.cat,317,49.2808319,41.6101608,-51.31,0.69,0.655,-2.6344,0.0157,11.31813,0.1635011
2008L,hst_skycell-p2166x06y08_wfc3_ir_f110w_coarse-all_drz.cat,318,49.3452957,41.3798589,-49.91,33.575,13.325,-12.7938,0.0,131073.3,3.98678
2008L,hst_skycell-p2166x06y09_wfc3_ir_f110w_all_drz.cat,319,49.2808892,41.6105384,75.06,4.126,1.97,-5.1472,0.0071,114.519,0.7498159
2008L,id9214010_drz.cat,320,49.32198,41.3854146,50.48,49.549,35.935,-13.7007,0.0,302195.0,7.953374
2005cf,HST_10182_l7_NIC_NIC3_F110W_drz.cat,321,230.3863077,-7.4107367,-21.9,209.567,70.644,99.0,99.0,-664.8911,0.01158584
2005cf,HST_10182_l1_NIC_NIC3_F160W_drz.cat,322,230.3939944,-7.4165708,-79.43,25.442,8.603,-7.0709,0.0066,673.5486,4.105967
2005cf,n90zl6020_mos.cat,323,230.3930553,-7.415145,48.34,3.001,0.629,-2.7476,0.137,12.56094,1.584541
2005cf,n90zl8030_mos.cat,324,230.3935069,-7.4092503,88.65,1.902,1.503,-6.5595,0.0012,420.5353,0.4499469
2005cf,ie5404060_drz.cat,325,230.3462093,-7.4255689,50.6,1.298,0.494,-4.1625,0.2003,46.2391,8.527754
2005cf,n90zl4030_mos.cat,326,230.3902208,-7.4038469,71.03,1.903,0.663,-1.8612,0.1082,5.55263,0.5531978
2005cf,hst_12880_41_wfc3_ir_f160w_ic1341_drz.cat,327,230.3857908,-7.3771068,-31.34,78.225,40.539,-13.0635,0.0001,168030.7,13.79109
2005cf,hst_skycell-p1200x12y05_wfc3_ir_f140w_coarse-all_drz.cat,328,230.3777443,-7.4327335,-56.73,0.974,0.541,-4.324,0.1614,53.65345,7.975704
2005cf,hst_skycell-p1200x12y05_wfc3_ir_f105w_all_drz.cat,329,230.3821428,-7.4345058,-85.3,1.696,0.686,-2.9927,0.1449,15.74293,2.10073
2005cf,n90zl4020_mos.cat,330,230.3903275,-7.4038163,-82.36,1.939,0.744,-2.8378,0.0879,13.64979,1.104948
2005cf,ie5404070_drz.cat,331,230.3466698,-7.4263399,37.13,1.712,1.27,99.0,99.0,-45.40611,39.34978
2005cf,n90zl8020_mos.cat,332,230.3935241,-7.4092332,-83.4,1.283,1.155,-6.4824,0.0016,391.7133,0.5924842
2005cf,n90zl6030_mos.cat,333,230.3910567,-7.4035092,13.95,11.73,4.28,-4.5294,0.0261,64.82565,1.556357
2005cf,HST_10182_l9_NIC_NIC3_F110W_drz.cat,334,230.3782122,-7.4097751,-85.49,22.294,5.854,-2.3626,0.0743,8.811682,0.6030245
2005cf,HST_10182_l4_NIC_NIC3_F110W_drz.cat,335,230.3935457,-7.4126642,-89.04,34.495,11.916,99.0,99.0,-213.8982,10.86547
2005cf,HST_10182_l2_NIC_NIC3_F160W_drz.cat,336,230.3928036,-7.4094245,64.04,53.605,22.198,-6.1164,0.0382,279.6109,9.833244
2005cf,HST_10182_l9_NIC_NIC3_F160W_drz.cat,337,230.3898623,-7.4119816,-25.61,251.05,149.278,-8.4439,0.0,2385.286,0.001486913
2005cf,HST_10182_l4_NIC_NIC3_F160W_drz.cat,338,230.3912633,-7.4064196,78.13,85.471,13.108,99.0,99.0,-263.5325,8.6065
2005cf,HST_10182_l2_NIC_NIC3_F110W_drz.cat,339,230.3933817,-7.417077,78.89,19.566,12.561,-5.1963,0.0795,119.8151,8.767685
2005cf,n90zl2030_mos.cat,340,230.3944451,-7.4178464,-46.86,2.82,2.14,-4.0133,0.0164,40.30277,0.6087599
2005cf,hst_skycell-p1200x12y05_wfc3_ir_f140w_all_drz.cat,341,230.3816499,-7.4336277,-74.27,1.981,0.436,-2.9699,0.244,15.41595,3.463511
2005cf,ie5404010_drz.cat,342,230.3434008,-7.4226525,88.32,1.276,0.371,-4.6874,0.0502,74.9794,3.467263
2005cf,n90zl2020_mos.cat,343,230.3934995,-7.4159052,-3.09,11.93,2.581,-5.5628,0.0298,167.9294,4.600798
2005cf,hst_15889_04_wfc3_ir_f105w_ie5404_drz.cat,344,230.3822785,-7.4344164,-1.09,0.936,0.465,-4.4116,0.2441,58.16218,13.07086
2005cf,hst_skycell-p1200x12y05_wfc3_ir_f125w_coarse-all_drz.cat,345,230.3809199,-7.4350053,-19.2,0.759,0.448,-4.0731,0.3033,42.58457,11.89318
2005cf,HST_10182_l7_NIC_NIC3_F160W_drz.cat,346,230.3842239,-7.4154845,-22.95,71.264,15.266,99.0,99.0,-1020.453,0.004606741
2005cf,hst_12880_35_wfc3_ir_f160w_ic1335_drz.cat,347,230.3858889,-7.3771445,-22.19,78.012,33.325,-12.9233,0.0001,147680.5,12.36535
2005cf,hst_12880_40_wfc3_ir_f160w_ic1340_drz.cat,348,230.3857608,-7.3772052,-34.07,83.899,45.859,-12.9909,0.0001,157170.5,8.334504
2005cf,HST_10182_l1_NIC_NIC3_F110W_drz.cat,349,230.3937724,-7.4154379,-73.87,22.171,16.144,-6.8671,0.0185,558.2641,9.485698
2005cf,hst_15889_04_wfc3_ir_f160w_ie5404_drz.cat,350,230.3733996,-7.4302842,-45.49,1.064,0.63,-3.6072,0.1642,27.72536,4.191572
2005cf,hst_12880_46_wfc3_ir_f160w_ic1346_drz.cat,351,230.385766,-7.3771615,-30.52,83.122,43.169,-13.0324,0.0001,163297.5,8.790109
2005cf,hst_15889_04_wfc3_ir_f125w_ie5404_drz.cat,352,230.3809358,-7.4349966,-19.28,0.757,0.446,-4.2312,0.1954,49.25663,8.864611
2005cf,hst_15889_04_wfc3_ir_f140w_ie5404_drz.cat,353,230.3811096,-7.4335441,-56.18,0.818,0.509,-4.2635,0.3277,50.74462,15.31405
2005cf,HST_10182_la_NIC_NIC3_F160W_drz.cat,354,230.3898727,-7.4117724,-22.65,252.186,151.22,-8.4265,0.0,2347.52,0.00292546
2005cf,n90zl9030_mos.cat,355,230.3935116,-7.4092392,-73.95,1.568,1.421,-6.5109,0.0011,402.1075,0.4016166
2005cf,n90zl5030_mos.cat,356,230.3912695,-7.4036287,-9.61,5.033,3.357,-4.174,0.0194,46.72848,0.8336591
2005cf,hst_12880_39_wfc3_ir_f160w_ic1339_drz.cat,357,230.3858066,-7.3771541,-22.08,77.598,33.635,-12.9086,0.0001,145688.7,13.17986
2005cf,HST_10182_l6_NIC_NIC3_F160W_drz.cat,358,230.3876323,-7.4145694,-21.33,213.787,146.094,-10.0876,0.0,10840.67,0.04145515
2005cf,n90zl7020_mos.cat,359,230.3935418,-7.40922,-73.07,1.344,1.226,-6.4519,0.0017,380.8508,0.6124758
2005cf,HST_10182_l8_NIC_NIC3_F160W_drz.cat,360,230.3895882,-7.4128047,-19.93,252.674,150.769,-10.6615,0.0,18390.43,0.04133225
2005cf,hst_skycell-p1200x12y05_wfc3_ir_f125w_all_drz.cat,361,230.3816488,-7.4350207,-74.79,1.436,0.767,-2.8693,0.1477,14.05091,1.910785
2005cf,HST_10182_l5_NIC_NIC3_F160W_drz.cat,362,230.3938683,-7.4137608,73.98,27.576,10.769,-4.3995,0.0149,57.51787,0.7867509
2005cf,n90zl7030_mos.cat,363,230.3935509,-7.4092207,-84.2,2.043,1.594,-6.6519,0.0013,457.8901,0.5300174
2005cf,HST_10182_l3_NIC_NIC3_F110W_drz.cat,364,230.3790784,-7.4209309,-15.0,18.964,2.824,-5.8051,0.0033,209.919,0.6457805
2005cf,n90zl5020_mos.cat,365,230.3936955,-7.4151762,-5.66,17.143,3.433,-5.5168,0.0293,160.9609,4.350049
2005cf,n90zl9020_mos.cat,366,230.3935199,-7.4092331,-84.52,1.347,1.184,-6.3539,0.0019,347.9915,0.5965679
2005cf,hst_skycell-p1200x12y05_wfc3_ir_f160w_coarse-all_drz.cat,367,230.3799618,-7.4318675,-57.09,0.71,0.666,99.0,99.0,-0.01789877,0.08229431
2005cf,ie5404040_drz.cat,368,230.3445892,-7.4245492,-71.77,0.848,0.548,-6.5594,0.0186,420.5055,7.207326
2005cf,n90zl1020_mos.cat,369,230.3944129,-7.4178233,-32.93,5.186,3.482,-5.1162,0.0161,111.2963,1.650514
2005cf,n90zl3030_mos.cat,370,230.3937431,-7.4136192,2.53,12.715,6.394,-5.7987,0.0119,208.6859,2.290648
2005cf,HST_10182_l8_NIC_NIC3_F110W_drz.cat,371,230.3883444,-7.4130842,-24.52,260.512,156.142,-10.572,0.0,16936.23,0.01512716
2005cf,hst_skycell-p1200x12y05_wfc3_ir_f160w_all_drz.cat,372,230.3805072,-7.4320272,-3.05,0.687,0.488,0.2724,0.0155,0.7780983,0.0111094
2005cf,HST_10182_l5_NIC_NIC3_F110W_drz.cat,373,230.3798201,-7.4211116,-26.93,9.781,2.618,-5.7064,0.0024,191.6794,0.4163937
2005cf,n90zla030_mos.cat,374,230.3934847,-7.4092404,74.72,1.444,1.361,-6.6547,0.0009,459.0529,0.3799919
2005cf,HST_10182_l3_NIC_NIC3_F160W_drz.cat,375,230.3943396,-7.4176715,82.68,7.398,3.425,-6.7212,0.0005,488.0622,0.2258168
2005cf,hst_12880_43_wfc3_ir_f160w_ic1343_drz.cat,376,230.3857579,-7.3771697,-30.08,82.878,43.127,-13.0346,0.0001,163627.9,8.307637
2005cf,HST_10182_la_NIC_NIC3_F110W_drz.cat,377,230.388472,-7.4123563,-29.27,252.304,148.944,-8.6902,0.0,2992.944,0.003034925
2005cf,HST_10182_l6_NIC_NIC3_F110W_drz.cat,378,230.3940078,-7.4158625,62.0,29.289,9.972,-5.7032,0.0458,191.102,8.05932
2005cf,n90zla020_mos.cat,379,230.3934717,-7.4092442,-72.18,1.193,1.041,-6.4604,0.0015,383.848,0.5138361
2005cf,hst_skycell-p1200x12y05_wfc3_ir_f105w_coarse-all_drz.cat,380,230.3822842,-7.4344085,-13.41,1.071,0.413,-5.1026,0.1583,109.9129,16.01714
2005cf,n90zl3020_mos.cat,381,230.3935796,-7.4126189,-0.68,3.664,1.047,-3.9166,0.028,36.86684,0.9502833
2005cf,n90zl1030_mos.cat,382,230.3935812,-7.4129519,18.24,10.741,4.383,-5.166,0.0168,116.5183,1.797887
2001ah,hst_skycell-p1636x21y19_wfc3_ir_f110w_coarse-all_drz.cat,383,185.7209775,15.8045306,0.0,1.097,0.289,-7.8461,0.0031,1375.417,3.894352
2001ah,hst_skycell-p1635x04y19_wfc3_ir_f110w_coarse-all_drz.cat,384,185.8160198,15.7961322,-63.27,0.787,0.78,-2.7456,0.1914,12.53815,2.209568
2001ah,hst_skycell-p1722x05y02_wfc3_ir_f110w_coarse-all_drz.cat,385,185.7287881,15.8222918,30.02,48.768,40.356,-15.3815,0.0001,1421014.0,120.9912
2001ah,hst_16075_01_wfc3_ir_f160w_ie9801_drz.cat,386,185.7288239,15.8223461,46.64,47.007,38.361,-14.954,0.0001,958511.0,98.27016
2001ah,hst_16075_01_wfc3_ir_f110w_ie9801_drz.cat,387,185.7287693,15.8223383,52.44,47.347,38.992,-15.5041,0.0001,1590907.0,160.9632
2001ah,hst_skycell-p1635x04y19_wfc3_ir_f160w_all_drz.cat,388,185.8140156,15.7942549,36.12,0.857,0.813,-0.3173,0.0697,1.339458,0.08602514
2001ah,hst_14178_ct_wfc3_ir_f110w_id1kct_drz.cat,389,185.813355,15.7951112,65.4,1.117,0.854,-1.3752,0.158,3.548681,0.5163657
2001ah,iejn02010_drz.cat,390,185.7531752,15.8384692,-89.69,54.638,0.808,-6.1478,0.0088,287.8075,2.332886
2001ah,hst_16500_62_wfc3_ir_f160w_iejn62_drz.cat,391,185.7269767,15.8232436,-48.66,45.124,12.034,-13.1575,0.0003,183234.4,55.40087
2001ah,ie9801020_drz.cat,392,185.7286999,15.8222738,66.17,48.515,38.32,-14.9309,0.0001,938329.8,108.2516
2001ah,hst_14178_cu_wfc3_ir_f160w_id1kcu_drz.cat,393,185.8327412,15.8200771,-9.88,45.755,32.548,-11.5152,0.0005,40372.61,17.65461
2001ah,hst_skycell-p1635x04y19_wfc3_ir_f110w_all_drz.cat,394,185.8140199,15.7942586,47.87,0.895,0.676,-0.6736,0.0726,1.859745,0.1243495
2001ah,hst_15133_31_wfc3_ir_f160w_idkv31_drz.cat,395,185.7288731,15.8222828,41.77,46.563,38.548,-14.8435,0.0001,865740.3,101.3993
2001ah,iejn62010_drz.cat,396,185.7287721,15.8222813,50.37,49.247,39.02,-14.9051,0.0001,916292.8,107.5405
2001ah,hst_skycell-p1722x05y02_wfc3_ir_f160w_all_drz.cat,397,185.7214012,15.7969714,-58.42,12.79,9.246,-7.2217,0.0025,773.9056,1.760417
2001ah,hst_skycell-p1636x21y19_wfc3_ir_f110w_all_drz.cat,398,185.721066,15.8045258,1.1,1.566,0.658,-5.9149,0.0024,232.2611,0.5234144
2001ah,hst_16500_02_wfc3_ir_f160w_iejn02_drz.cat,399,185.7400556,15.8082394,-10.23,88.027,4.475,-5.8167,0.0195,212.1699,3.810811
2001ah,ie9801010_drz.cat,400,185.7287613,15.822287,61.51,47.031,41.162,-15.4696,0.0001,1541077.0,178.6915
2001ah,idkv31030_drz.cat,401,185.7288847,15.8223073,81.07,50.096,35.317,-14.8729,0.0001,889559.1,111.998
2001ah,hst_14178_cs_wfc3_ir_f110w_id1kcs_drz.cat,402,185.814084,15.7951765,-84.3,0.711,0.655,-1.1001,0.2139,2.754414,0.5424742
2001ah,hst_14178_cr_wfc3_ir_f160w_id1kcr_drz.cat,403,185.8326799,15.8200468,-12.68,44.227,31.834,-11.4903,0.0006,39455.85,20.74008
2001ah,hst_14178_cr_wfc3_ir_f110w_id1kcr_drz.cat,404,185.832688,15.820057,-10.96,48.288,33.643,-12.1674,0.0004,73614.82,27.12822
2001ah,hst_skycell-p1636x21y19_wfc3_ir_f160w_coarse-all_drz.cat,405,185.7287996,15.8223838,39.21,51.408,39.896,-14.676,0.0001,741960.8,85.64054
2001ah,hst_skycell-p1635x04y19_wfc3_ir_f160w_coarse-all_drz.cat,406,185.8160199,15.7961232,-2.19,0.732,0.682,-1.8806,0.2615,5.652561,1.361225
2001ah,hst_skycell-p1722x05y02_wfc3_ir_f160w_coarse-all_drz.cat,407,185.7200276,15.7982231,-0.14,1.0,0.5,-2.3636,0.1753,8.819191,1.423352
2001ah,hst_skycell-p1636x21y19_wfc3_ir_f160w_all_drz.cat,408,185.7220851,15.804057,-13.59,2.0,0.711,-3.464,0.0177,24.29863,0.3952959
2001ah,hst_skycell-p1722x05y02_wfc3_ir_f110w_all_drz.cat,409,185.7210648,15.8045256,-10.22,1.728,0.678,-6.8077,0.0018,528.5477,0.865541
2005ki,hst_17446_14_wfc3_ir_f110w_if7r14_drz.cat,410,160.1181683,9.1825752,56.02,48.09,43.49,-14.4175,0.0,584808.8,16.20582
2005ki,if7r14010_drz.cat,411,160.1181555,9.1825431,69.25,50.72,40.465,-14.3873,0.0,568759.4,21.06664
2001az,if7q89010_drz.cat,412,107.924346,49.8666599,57.54,35.363,21.976,-11.888,0.0002,56910.0,10.47452
2001az,hst_17436_89_wfc3_ir_f110w_if7q89_drz.cat,413,107.9244507,49.8622462,34.66,50.162,31.184,-14.3534,0.0,551286.9,10.88559
2005dv,HST_7867_13_NIC_NIC1_F110W_drz.cat,414,205.2734197,67.6721766,62.99,36.124,30.369,-10.9847,0.0003,24767.58,6.967227
2005dv,HST_7867_13_NIC_NIC1_F160W_drz.cat,415,205.2788464,67.6739223,70.43,76.157,28.682,-6.4089,0.0207,366.0748,6.98098
2005dv,n4m513010_mos.cat,416,205.2734429,67.6721927,50.96,24.657,23.12,-9.4175,0.0005,5847.82,2.882876
2005dv,n4m513020_mos.cat,417,205.2734286,67.6721895,51.49,26.51,24.663,-9.8544,0.0004,8744.68,3.427044
2003du,ie5403040_drz.cat,418,218.6027524,59.2980264,70.67,2.455,0.724,-4.7827,0.1844,81.85898,13.89895
2003du,hst_15889_03_wfc3_ir_f140w_ie5403_drz.cat,419,218.6039321,59.2979148,-41.47,1.82,0.985,-5.2975,0.1331,131.518,16.12211
2003du,hst_skycell-p2434x05y17_wfc3_ir_f140w_coarse-all_drz.cat,420,218.6026393,59.2980647,-79.9,2.352,0.83,99.0,99.0,-549.0559,55.93139
2003du,hst_12880_63_wfc3_ir_f160w_drz.cat,421,218.6306041,59.3158622,21.35,33.097,10.764,99.0,99.0,-231.3109,1.106665
2003du,hst_12880_66_wfc3_ir_f160w_ic1366_drz.cat,422,218.6539329,59.3379213,-69.64,71.36,33.495,-10.3397,0.0005,13673.62,5.82584
2003du,hst_12880_59_wfc3_ir_f160w_ic1359_drz.cat,423,218.6539274,59.3379397,-65.46,70.594,33.294,-10.4547,0.0004,15201.85,5.828527
2003du,hst_skycell-p2434x05y17_wfc3_ir_f160w_all_drz.cat,424,218.5997266,59.2980217,-27.15,2.306,0.621,-6.1938,0.0002,300.2759,0.0491409
2003du,ic1366020_drz.cat,425,218.6422719,59.3401726,-19.68,58.314,23.437,-7.4055,0.0052,916.6199,4.402542
2003du,hst_15889_03_wfc3_ir_f125w_ie5403_drz.cat,426,218.6076895,59.2970731,-38.87,1.593,0.667,-7.1622,0.0173,732.6273,11.69301
2003du,hst_12880_66_wfc3_ir_f160w_drz.cat,427,218.6747697,59.3188249,-65.7,39.814,8.786,99.0,99.0,-250.7836,1.150276
2003du,ic1368020_drz.cat,428,218.6425491,59.3393781,12.28,41.6,23.469,-7.014,0.0086,639.1381,5.03588
2003du,hst_12880_68_wfc3_ir_f160w_ic1368_drz.cat,429,218.6538954,59.3378507,-65.61,72.128,40.468,-10.317,0.0006,13390.45,6.874983
2003du,hst_12880_62_wfc3_ir_f160w_drz.cat,430,218.632043,59.3156268,-58.8,7.576,5.501,-4.4024,0.0077,57.67097,0.4066691
2003du,hst_12880_62_wfc3_ir_f160w_ic1362_drz.cat,431,218.6539123,59.3379414,-58.62,78.514,38.275,-10.4812,0.0005,15577.01,6.562624
2003du,hst_12880_70_wfc3_ir_f160w_ic1370_drz.cat,432,218.653829,59.3378099,-64.17,76.54,32.818,-10.3779,0.0005,14162.91,6.069289
2003du,hst_12880_69_wfc3_ir_f160w_ic1369_drz.cat,433,218.6539192,59.3379041,-65.15,72.244,42.354,-10.3466,0.0005,13760.25,6.575895
2003du,hst_12880_61_wfc3_ir_f160w_drz.cat,434,218.6305245,59.3158597,22.22,33.68,11.12,99.0,99.0,-320.0503,1.137567
2003du,ic1360020_drz.cat,435,218.6538156,59.3378302,-46.1,83.462,34.729,-10.4524,0.0005,15168.72,6.478481
2003du,hst_skycell-p2434x05y17_wfc3_ir_f125w_coarse-all_drz.cat,436,218.608722,59.2974886,53.03,1.336,0.836,-4.7353,0.1564,78.36304,11.28738
2003du,hst_12880_63_wfc3_ir_f160w_ic1363_drz.cat,437,218.6539234,59.3379763,-66.15,72.559,33.869,-10.4739,0.0004,15472.54,5.822089
2003du,ic1393020_drz.cat,438,218.6417943,59.3336644,-28.28,32.898,24.869,-6.673,0.0084,466.8672,3.61702
2003du,hst_skycell-p2434x05y17_wfc3_ir_f125w_all_drz.cat,439,218.606722,59.2972372,71.46,1.476,0.713,-2.4525,0.2183,9.571597,1.924427
2003du,hst_12880_60_wfc3_ir_f160w_drz.cat,440,218.6279481,59.3177435,39.02,3.129,2.825,-5.5369,0.0012,163.9647,0.1838213
2003du,hst_12880_65_wfc3_ir_f160w_drz.cat,441,218.6747118,59.3188264,-66.04,24.545,9.012,99.0,99.0,-67.45583,0.9131985
2003du,ic1370020_drz.cat,442,218.6539277,59.3379224,20.87,72.037,35.938,-10.3797,0.0005,14187.29,6.091453
2003du,ic1362020_drz.cat,443,218.6537979,59.3378356,-44.09,89.95,32.766,-10.4744,0.0005,15479.05,6.5577
2003du,hst_12880_70_wfc3_ir_f160w_drz.cat,444,218.6872513,59.3187949,-7.44,0.903,0.491,1.432,0.2012,0.2674153,0.04953808
2003du,hst_12880_93_wfc3_ir_f160w_ic1393_drz.cat,445,218.6538319,59.3378184,-65.79,70.16,34.88,-10.3698,0.0005,14057.88,5.920229
2003du,hst_12880_61_wfc3_ir_f160w_ic1361_drz.cat,446,218.6539077,59.3379161,-63.97,69.107,37.757,-10.4434,0.0004,15044.4,6.084799
2003du,hst_skycell-p2434x05y17_wfc3_ir_f140w_all_drz.cat,447,218.6038214,59.3063653,48.75,35.606,7.248,-9.4036,0.0071,5773.653,37.73492
2003du,hst_skycell-p2434x05y17_wfc3_ir_f160w_coarse-all_drz.cat,448,218.5998143,59.2980689,-43.37,1.507,0.195,-6.7697,0.0002,510.3675,0.1111094
2003du,hst_12880_69_wfc3_ir_f160w_drz.cat,449,218.6747046,59.3188363,-66.63,24.526,9.15,99.0,99.0,-68.66904,0.9242042
2003du,ie5403010_drz.cat,450,218.6038458,59.3063634,79.98,15.124,3.024,-9.1685,0.009,4649.505,38.42744
2003du,hst_12880_59_wfc3_ir_f160w_drz.cat,451,218.6305641,59.3158706,21.73,33.243,11.187,99.0,99.0,-257.5233,1.126708
2003du,hst_12880_65_wfc3_ir_f160w_ic1365_drz.cat,452,218.6539093,59.3378571,-63.11,72.069,42.958,-10.3494,0.0005,13796.75,6.558867
2003du,ic1369020_drz.cat,453,218.6422433,59.3401963,-19.12,58.262,22.407,-7.3892,0.0052,902.9567,4.317125
2003du,hst_12880_68_wfc3_ir_f160w_drz.cat,454,218.6747156,59.318836,-65.89,47.447,8.877,99.0,99.0,-367.2731,1.332359
2003du,ic1365020_drz.cat,455,218.635363,59.3363372,-45.35,6.864,4.544,-8.232,0.0004,1962.53,0.6649062
2003du,hst_skycell-p2434x05y17_wfc3_ir_f105w_coarse-all_drz.cat,456,218.6057129,59.2976111,-46.43,1.429,1.162,-5.4463,0.0997,150.8354,13.84403
2003du,ie5403060_drz.cat,457,218.6055419,59.297912,-11.66,1.606,0.641,-4.6645,0.281,73.41595,18.99648
2003du,ic1361020_drz.cat,458,218.642107,59.3391566,-67.41,74.86,26.587,-7.4526,0.0061,957.2675,5.404007
2003du,hst_12880_93_wfc3_ir_f160w_drz.cat,459,218.6872437,59.3187852,-30.09,0.91,0.681,0.9135,0.1369,0.4311337,0.05435173
2003du,hst_15889_03_wfc3_ir_f160w_ie5403_drz.cat,460,218.5995336,59.2980689,81.74,1.395,0.655,-7.0842,0.0147,681.8357,9.247894
2003du,ic1363020_drz.cat,461,218.6669406,59.3416358,7.98,38.418,27.236,-7.7117,0.0035,1215.32,3.8754
2003du,hst_skycell-p2434x05y17_wfc3_ir_f105w_all_drz.cat,462,218.6055716,59.2975657,-55.68,3.542,1.681,-3.6636,0.1694,29.20406,4.554914
2003du,ic1359020_drz.cat,463,218.6663089,59.3460301,-30.03,48.183,23.357,-6.9769,0.0071,617.6708,4.04133
2003du,ie5403070_drz.cat,464,218.6069844,59.2975383,48.01,1.466,0.885,-4.9395,0.1421,94.57823,12.3715
2003du,hst_12880_60_wfc3_ir_f160w_ic1360_drz.cat,465,218.6633908,59.3319522,-89.93,13.665,6.456,-5.304,0.0119,132.316,1.446523
2003du,hst_15889_03_wfc3_ir_f105w_ie5403_drz.cat,466,218.6057646,59.297353,-49.72,0.795,0.529,-9.1626,0.0046,4624.119,19.45892
2006ef,hst_skycell-p1062x16y16_wfc3_ir_f110w_all_drz.cat,467,31.0816346,-8.7611504,-25.28,4.972,3.743,-6.7704,0.0002,510.7161,0.1112327
2006ef,hst_14654_10_wfc3_ir_f110w_id9210_drz.cat,468,31.0692909,-8.7379202,-72.96,22.061,5.288,-10.0497,0.0002,10468.67,1.647411
2006ef,id9210010_drz.cat,469,31.0790844,-8.7353734,-38.68,50.117,34.451,-13.9366,0.0,375520.1,6.534755
2006ef,hst_skycell-p1062x16y16_wfc3_ir_f110w_coarse-all_drz.cat,470,31.0711234,-8.7341919,-87.77,69.315,17.762,-7.4722,0.0048,974.7502,4.346011
2002de,n44b22030_mos.cat,471,244.1075496,35.7182509,2.31,17.147,7.282,-4.9456,0.0156,95.10899,1.368311
2002de,HST_7328_22_NIC_NIC1_F160W_drz.cat,472,244.1276648,35.7076543,-7.69,41.441,23.397,-9.3618,0.001,5555.228,5.247079
2002de,n44b22010_mos.cat,473,244.1278529,35.708061,68.5,24.123,15.468,-7.8944,0.0026,1438.021,3.493435
2006bh,hst_skycell-p0143x13y09_wfc3_ir_f160w_all_drz.cat,474,340.1041044,-66.4987787,38.56,28.574,19.985,-7.5735,0.0007,1070.014,0.6529059
2006bh,idxba4020_drz.cat,475,340.0669813,-66.4740179,71.65,16.591,11.754,-10.8152,0.0004,21186.84,7.220295
2006bh,idxb32030_drz.cat,476,340.0669872,-66.4740183,73.74,16.73,11.99,-10.8236,0.0004,21352.63,7.319121
2006bh,idxb33puq_drz.cat,477,340.0669638,-66.4739641,63.62,17.019,10.686,-10.8175,0.0004,21233.41,7.908371
2006bh,idxb38030_drz.cat,478,340.0833957,-66.4806578,63.66,63.8,36.292,-11.189,0.001,29894.43,26.33529
2006bh,hst_15640_31_wfc3_ir_f160w_idxb31_drz.cat,479,340.1007577,-66.4789367,-9.9,86.055,36.035,-14.11,0.0001,440566.7,21.5486
2006bh,hst_skycell-p0143x13y09_wfc3_ir_f160w_coarse-all_drz.cat,480,340.0822037,-66.4901668,9.05,61.722,14.778,-7.8809,0.007,1420.174,9.141589
2006bh,hst_15640_35_wfc3_ir_f160w_idxb35_drz.cat,481,340.1178579,-66.477186,51.16,61.721,24.404,-10.9144,0.0008,23215.19,16.23198
2006bh,idxbab020_drz.cat,482,340.101064,-66.4788787,-43.08,82.788,36.7,-14.1162,0.0001,443063.5,30.0652
2006bh,idxb36030_drz.cat,483,340.067116,-66.4739425,86.72,21.85,19.498,-10.9206,0.0005,23348.48,11.76921
2006bh,hst_15640_a4_wfc3_ir_f160w_idxba4_drz.cat,484,340.1008362,-66.4789327,-9.56,85.584,36.413,-14.1045,0.0001,438314.3,21.53802
2006bh,hst_15640_3a_wfc3_ir_f160w_idxb3a_drz.cat,485,340.1007222,-66.4789811,17.27,37.346,27.691,-13.969,0.0,386889.2,13.81847
2006bh,hst_15640_39_wfc3_ir_f160w_idxb39_drz.cat,486,340.100706,-66.4789805,18.42,36.031,28.022,-13.982,0.0,391567.9,12.30147
2006bh,hst_15640_33_wfc3_ir_f160w_idxb33_drz.cat,487,340.1007924,-66.47894,-9.84,85.636,37.317,-14.113,0.0001,441779.8,22.48389
2006bh,hst_15640_37_wfc3_ir_f160w_idxb37_drz.cat,488,340.1171236,-66.4771781,40.46,52.296,28.367,-11.121,0.0006,28081.12,16.38063
2006bh,hst_15640_ab_wfc3_ir_f160w_idxbab_drz.cat,489,340.1006995,-66.4789838,20.32,36.833,28.208,-13.9852,0.0,392710.8,12.91859
2006bh,hst_skycell-p0143x14y09_wfc3_ir_f160w_all_drz.cat,490,340.0445664,-66.4861605,-79.25,16.931,8.073,-3.6373,0.012,28.50554,0.3137786
2006bh,idxb31030_drz.cat,491,340.0673795,-66.4743719,-55.94,42.164,15.276,-10.9406,0.0005,23781.01,11.80878
2006bh,hst_15640_36_wfc3_ir_f160w_idxb36_drz.cat,492,340.1010664,-66.4789157,7.56,44.193,28.389,-13.9842,0.0,392347.2,15.01581
2006bh,idxb35030_drz.cat,493,340.083198,-66.480747,-86.8,73.938,28.361,-11.1099,0.0013,27794.83,33.58412
2006bh,idxb39030_drz.cat,494,340.0670336,-66.4738658,60.71,21.279,16.256,-10.8617,0.0005,22115.56,9.942543
2006bh,hst_15640_38_wfc3_ir_f160w_idxb38_drz.cat,495,340.1010306,-66.4789239,-11.08,82.507,39.425,-14.1097,0.0001,440445.7,24.11006
2006bh,idxb37030_drz.cat,496,340.1008298,-66.4789439,16.51,82.667,36.586,-14.0997,0.0001,436404.9,31.08613
2006bh,idxb3aayq_drz.cat,497,340.0670281,-66.4738733,60.28,20.674,16.285,-10.853,0.0005,21938.64,10.98832
2006bh,hst_skycell-p0143x14y09_wfc3_ir_f160w_coarse-all_drz.cat,498,340.0445348,-66.4863203,-64.77,10.037,4.191,-5.4642,0.0132,153.3538,1.868968
2006bh,hst_15640_32_wfc3_ir_f160w_idxb32_drz.cat,499,340.1007779,-66.4789339,-9.67,86.454,36.017,-14.1072,0.0001,439433.3,21.73056
2006dd,hst_skycell-p0497x09y14_wfc3_ir_f110w_all_drz.cat,500,50.6996246,-37.3333434,-17.84,0.763,0.451,0.021,0.0981,0.9808007,0.08857537
2006dd,n4b707010_mos.cat,501,50.6738057,-37.2078755,58.16,39.233,22.011,-12.6318,0.0009,112904.7,97.37138
2006dd,hst_skycell-p0497x09y14_wfc3_ir_f110w_coarse-all_drz.cat,502,50.6988011,-37.3333213,-2.19,1.22,0.438,-4.5683,0.0066,67.19539,0.4073031
2006dd,n4b707070_mos.cat,503,50.6738141,-37.2078714,51.66,40.956,21.774,-10.5606,0.001,16758.79,16.0078
2006dd,ib3n03060_drz.cat,504,50.6737663,-37.208012,35.45,70.256,35.733,-17.0457,0.0001,6580866.0,438.0425
2006dd,hst_skycell-p0497x09y14_wfc3_ir_f160w_all_drz.cat,505,50.6972846,-37.3278216,-4.49,0.862,0.696,-0.7742,0.0144,2.040264,0.02697564
2006dd,hst_13691_37_wfc3_ir_f110w_icnw37_drz.cat,506,50.6976207,-37.3332669,2.89,0.721,0.155,0.8282,0.4842,0.4663473,0.2079171
2006dd,hst_11691_03_wfc3_ir_f110w_drz.cat,507,50.6857506,-37.2264292,-72.91,33.173,10.573,-8.7705,0.0114,3222.433,33.85078
2006dd,ib3n03050_drz.cat,508,50.6737567,-37.208002,33.69,68.614,39.701,-16.5288,0.0001,4087936.0,270.1121
2006dd,n4b707030_mos.cat,509,50.6738529,-37.2078473,57.93,41.0,22.99,-13.02,0.0009,161433.9,129.6303
2006dd,hst_13691_32_wfc3_ir_f160w_icnw32_drz.cat,510,50.6984225,-37.3279069,51.91,1.713,1.135,-6.4658,0.0013,385.7519,0.4504847
2006dd,hst_11691_03_wfc3_ir_f160w_drz.cat,511,50.677547,-37.2331918,-0.48,26.511,7.076,-8.0015,0.0089,1587.109,13.03646
2006dd,hst_13691_36_wfc3_ir_f160w_icnw36_drz.cat,512,50.6977621,-37.3273233,-29.7,0.877,0.653,-4.4008,0.0143,57.58859,0.7561813
2006dd,hst_skycell-p0497x09y14_wfc3_ir_f160w_coarse-all_drz.cat,513,50.6977951,-37.3278526,72.86,0.778,0.492,-3.2771,0.0093,20.45692,0.1757037
2006dd,ib3n03030_drz.cat,514,50.6737863,-37.2080291,34.47,68.912,39.45,-17.0858,0.0001,6828576.0,461.6491
2006dd,hst_11691_03_wfc3_ir_f110w_ib3n03_drz.cat,515,50.6736654,-37.2079692,-36.53,71.893,43.725,-17.0936,0.0,6877588.0,307.7593
2006dd,hst_11691_03_wfc3_ir_f160w_ib3n03_drz.cat,516,50.6736815,-37.2079722,-36.91,70.917,42.127,-16.5196,0.0,4053592.0,180.0513
2006bz,hst_14182_08_wfc3_ir_f160w_icwr08_drz.cat,517,195.1780269,27.9713939,10.26,34.647,27.997,-12.771,0.0,128351.5,2.673642
2006bz,hst_14182_02_wfc3_ir_f160w_icwr02_drz.cat,518,195.1034146,27.926679,68.39,45.029,15.391,-9.8218,0.0003,8486.549,2.55912
2006bz,hst_14182_10_wfc3_ir_f160w_icwr10_drz.cat,519,195.044534,27.9645458,27.29,5.487,5.163,-13.2599,0.0,201347.8,0.8918678
2006bz,hst_skycell-p1973x14y02_wfc3_ir_f160w_coarse-all_drz.cat,520,195.2462695,27.8188234,7.45,1.379,0.488,-5.1397,0.0015,113.7267,0.1552555
2006bz,hst_14182_06_wfc3_ir_f160w_icwr06_drz.cat,521,194.8837445,27.9210607,-15.89,21.093,18.734,-8.8798,0.0008,3563.692,2.494094
2006bz,hst_13352_cy_wfc3_ir_f160w_icdxcy_drz.cat,522,195.2585194,27.8237296,-73.35,8.158,5.108,-5.8097,0.0227,210.7987,4.404418
2006bz,hst_11711_02_wfc3_ir_f160w_ib2i02_drz.cat,523,194.9178691,27.9682709,-39.89,24.115,12.238,-11.1029,0.0002,27617.06,5.240754
2006bz,hst_14182_15_wfc3_ir_f160w_icwr15_drz.cat,524,195.1629001,28.0098407,13.21,35.596,25.982,-8.4075,0.0012,2306.709,2.516084
2006bz,hst_skycell-p1973x14y02_wfc3_ir_f160w_all_drz.cat,525,195.2466815,27.8188786,0.73,0.802,0.5,2.5037,0.133,0.09966436,0.01220941
2006bz,hst_skycell-p1892x04y19_wfc3_ir_f160w_coarse-all_drz.cat,526,195.0394472,27.9156808,-53.78,37.91,33.438,-9.745,0.0005,7906.82,3.35567
2006bz,icwr08050_drz.cat,527,195.1781775,27.9713779,6.06,35.404,32.708,-12.828,0.0,135265.9,2.922194
2006bz,hst_skycell-p1892x04y19_wfc3_ir_f160w_all_drz.cat,528,194.9350669,27.9129785,-48.21,75.624,37.866,-10.7303,0.0,19594.66,0.685882
2006bz,hst_14182_09_wfc3_ir_f160w_icwr09_drz.cat,529,195.1183025,27.9723996,8.85,48.171,26.882,-11.8138,0.0001,53153.5,3.674415
2006bz,hst_14182_03_wfc3_ir_f160w_icwr03_drz.cat,530,195.0682029,27.9227779,34.68,15.8,13.045,-6.6879,0.0028,473.3226,1.227737
2006bz,hst_14182_11_wfc3_ir_f160w_icwr11_drz.cat,531,195.0216664,27.9766901,43.08,94.789,50.615,-10.6033,0.0009,17431.02,13.81858
2006bz,hst_14182_17_wfc3_ir_f160w_icwr17_drz.cat,532,195.0787388,28.0093194,-53.23,9.901,8.854,-9.9021,0.0001,9137.488,0.8167301
2006bz,hst_13352_d1_wfc3_ir_f160w_icdxd1_drz.cat,533,195.2500531,27.8198452,-73.65,2.842,2.403,-6.0305,0.0049,258.3444,1.155865
2006bz,hst_14182_05_wfc3_ir_f160w_icwr05_drz.cat,534,194.9587867,27.9248444,52.5,31.094,20.068,-10.9006,0.0001,22920.65,2.367394
2006bz,hst_14182_59_wfc3_ir_f160w_icwr59_drz.cat,535,195.0225148,28.024486,67.67,46.216,20.715,-11.1494,0.0001,28825.15,2.699397
2006bz,hst_14182_01_wfc3_ir_f160w_icwr01_drz.cat,536,195.1434499,27.9346944,13.68,29.593,26.154,-9.5002,0.0004,6310.482,2.42819
2006bz,hst_14182_13_wfc3_ir_f160w_icwr13_drz.cat,537,194.9096797,27.9871887,-41.65,36.783,23.433,-11.192,0.0003,29978.03,7.656799
2006bz,hst_14182_12_wfc3_ir_f160w_icwr12_drz.cat,538,194.9448737,27.9738461,-80.88,40.33,28.201,-12.4149,0.0,92457.03,3.878858
2006bz,hst_skycell-p1892x03y19_wfc3_ir_f160w_all_drz.cat,539,195.2470627,27.8189005,19.42,0.749,0.45,1.9814,0.1316,0.161235,0.01953895
2006bz,hst_skycell-p1973x14y03_wfc3_ir_f160w_all_drz.cat,540,195.0690475,27.9729475,18.55,0.75,0.453,3.2344,0.2263,0.05084529,0.01059421
2006bz,hst_14182_16_wfc3_ir_f160w_icwr16_drz.cat,541,195.1090273,28.0088924,-6.45,18.291,17.012,-8.6987,0.0005,3016.298,1.450907
2006bz,hst_13352_d0_wfc3_ir_f160w_icdxd0_drz.cat,542,195.2585373,27.8237534,-60.21,9.243,4.806,-5.8286,0.0224,214.5092,4.41473
2006bz,hst_14182_04_wfc3_ir_f160w_icwr04_drz.cat,543,194.9860607,27.9300519,-29.16,41.194,24.057,-11.6279,0.0001,44787.68,3.13193
2006bz,hst_skycell-p1973x14y03_wfc3_ir_f160w_coarse-all_drz.cat,544,195.0469122,27.9728303,-2.1,0.883,0.455,-0.2186,0.0405,1.223072,0.04564451
2006bz,hst_skycell-p1892x03y19_wfc3_ir_f160w_coarse-all_drz.cat,545,195.2585352,27.8237529,-65.92,11.063,6.01,-5.8256,0.0144,213.9135,2.835337
2002dp,hst_skycell-p1846x08y13_wfc3_ir_f160w_coarse-all_drz.cat,546,352.1257555,22.4123937,75.19,18.24,6.869,-4.9695,0.0262,97.23355,2.343412
2002dp,hst_15640_41_wfc3_ir_f160w_idxb41_drz.cat,547,352.124123,22.3967626,-85.42,2.072,1.467,-8.6382,0.0005,2852.949,1.238801
2002dp,idxb41030_drz.cat,548,352.1312161,22.4359444,66.78,93.295,58.683,-10.3199,0.0021,13425.85,26.22501
2002dp,hst_15640_4a_wfc3_ir_f160w_idxb4a_drz.cat,549,352.1112007,22.4022517,10.49,11.231,8.326,-11.6465,0.0001,45562.95,4.150086
2002dp,hst_15640_45_wfc3_ir_f160w_idxb45_drz.cat,550,352.1209722,22.4079027,30.58,8.754,6.493,-6.967,0.0051,612.0822,2.89661
2002dp,hst_skycell-p1846x08y13_wfc3_ir_f160w_all_drz.cat,551,352.1246948,22.3969143,-60.62,14.702,5.799,-8.6487,0.0001,2880.59,0.269171
2002dp,idxb49030_drz.cat,552,352.1112396,22.4020119,74.71,4.492,4.104,-13.2581,0.0,201018.3,2.149843
2002dp,idxb45030_drz.cat,553,352.1311857,22.4359162,68.05,93.698,59.02,-10.3242,0.0021,13480.07,26.10215
2002dp,hst_15640_44_wfc3_ir_f160w_idxb44_drz.cat,554,352.1235763,22.3967172,19.13,0.997,0.714,-8.7728,0.0001,3229.5,0.2606035
2002dp,idxb47030_drz.cat,555,352.1320101,22.4374583,36.16,28.437,10.481,-15.7148,0.0,1931676.0,8.700766
2002dp,idxb42030_drz.cat,556,352.1312342,22.4359588,67.11,91.627,58.642,-10.321,0.0022,13439.44,27.13934
2002dp,hst_15640_4b_wfc3_ir_f160w_idxb4b_drz.cat,557,352.1163061,22.4082925,-81.53,81.005,59.586,-10.9095,0.0012,23110.72,26.10154
2002dp,idxb43ewq_drz.cat,558,352.1312096,22.4359184,68.08,92.248,57.535,-10.2655,0.0026,12770.13,30.21712
2002dp,hst_15640_46_wfc3_ir_f160w_idxb46_drz.cat,559,352.1236492,22.3966971,11.71,2.229,1.067,-7.1562,0.0014,728.5841,0.9520253
2002dp,idxb4abiq_drz.cat,560,352.1320195,22.4374688,38.12,25.502,9.785,-15.8178,0.0,2123869.0,9.116394
2002dp,hst_15640_42_wfc3_ir_f160w_idxb42_drz.cat,561,352.1244681,22.3969176,-48.81,4.869,2.624,-9.4766,0.0003,6174.995,1.661566
2002dp,idxb4b030_drz.cat,562,352.1320133,22.4374582,36.0,28.522,10.421,-15.725,0.0,1949932.0,8.649397
2002dp,hst_15640_48_wfc3_ir_f160w_idxb48_drz.cat,563,352.1112682,22.401999,17.15,4.557,3.986,-13.4127,0.0,231785.2,1.759327
2002dp,hst_15640_43_wfc3_ir_f160w_idxb43_drz.cat,564,352.1241946,22.3966107,32.03,5.829,2.211,-8.8398,0.0004,3435.069,1.208246
2002dp,hst_15640_49_wfc3_ir_f160w_idxb49_drz.cat,565,352.1093545,22.4210094,-85.71,131.53,49.944,-10.9915,0.0022,24922.36,50.52739
2002dp,idxb48030_drz.cat,566,352.1320092,22.4374586,36.25,28.671,10.608,-15.6775,0.0,1866309.0,8.880633
2002dp,idxb44030_drz.cat,567,352.1312158,22.4359284,67.48,93.717,60.36,-10.3042,0.0022,13233.28,27.02716
2002dp,idxb46030_drz.cat,568,352.1312266,22.4359209,67.88,93.915,60.657,-10.3251,0.0021,13490.94,26.25703
2002dp,hst_15640_47_wfc3_ir_f160w_idxb47_drz.cat,569,352.1112699,22.4020128,20.93,5.401,4.528,-13.2448,0.0,198572.8,1.996965
2002dj,n90ze4030_mos.cat,570,144.3869113,23.2032039,-88.83,31.276,16.438,-9.1036,0.0022,4379.792,8.888699
2002dj,HST_10182_e4_NIC_NIC3_F160W_drz.cat,571,144.3843469,23.2068683,18.77,84.966,31.047,-8.2949,0.0034,2079.51,6.531296
2002dj,HST_10182_e2_NIC_NIC3_F110W_drz.cat,572,144.3874197,23.2055851,35.55,43.448,23.605,-7.9959,0.0101,1578.963,14.75725
2002dj,HST_10182_e1_NIC_NIC3_F110W_drz.cat,573,144.3915696,23.2036353,-50.97,41.718,41.146,99.0,99.0,-715.3024,2.148139
2002dj,n90ze4020_mos.cat,574,144.3852391,23.2032297,85.98,21.419,7.889,-7.8133,0.0075,1334.447,9.182834
2002dj,n90ze2030_mos.cat,575,144.3869511,23.2030915,28.06,18.924,16.595,-8.9507,0.0019,3804.491,6.7945
2002dj,HST_10182_e1_NIC_NIC3_F160W_drz.cat,576,144.3733215,23.1989358,-89.94,33.34,5.631,-0.7473,0.0002,1.990304,0.0004232511
2002dj,HST_10182_e4_NIC_NIC3_F110W_drz.cat,577,144.3842817,23.2069225,-24.89,34.629,24.136,-7.773,0.0106,1285.904,12.49555
2002dj,HST_10182_e2_NIC_NIC3_F160W_drz.cat,578,144.3872534,23.2030749,71.7,33.007,27.112,-10.5851,0.0005,17141.12,7.867201
2002dj,if7r22010_drz.cat,579,198.2543393,-19.5182267,25.79,60.482,36.86,-16.0,0.0,2511888.0,68.2832
2002dj,n90ze2020_mos.cat,580,144.386864,23.2033196,88.55,19.092,11.097,-8.4419,0.0042,2381.101,9.271227
2002dj,n90ze5030_mos.cat,581,144.3850436,23.2033498,-73.49,16.15,6.467,-7.8664,0.0033,1401.382,4.216024
2002dj,HST_10182_e5_NIC_NIC3_F110W_drz.cat,582,144.3849586,23.2033471,55.71,27.902,13.458,-9.49,0.0026,6251.995,14.81616
2002dj,HST_10182_e3_NIC_NIC3_F160W_drz.cat,583,144.3869834,23.203539,83.92,54.803,30.228,-10.7056,0.0007,19152.62,12.73952
2002dj,n90ze5020_mos.cat,584,144.385049,23.2033444,-62.06,14.51,6.537,-7.7742,0.0074,1287.353,8.752021
2002dj,n90ze1020_mos.cat,585,144.3756493,23.1945799,-10.63,18.697,5.242,-6.3615,0.0145,350.4334,4.677315
2002dj,n90ze3030_mos.cat,586,144.3868387,23.2030749,89.73,24.999,15.668,-8.9901,0.0021,3945.007,7.658318
2002dj,n90ze3020_mos.cat,587,144.3867874,23.2032926,-65.34,21.184,12.336,-8.5406,0.0043,2607.656,10.42988
2002dj,n90ze1030_mos.cat,588,144.3868051,23.2035406,53.29,26.42,14.912,-8.8508,0.0023,3469.993,7.386742
2002dj,hst_17446_22_wfc3_ir_f110w_if7r22_drz.cat,589,198.2543428,-19.5182462,4.98,63.0,38.764,-16.0426,0.0,2612464.0,48.37442
2002dj,HST_10182_e5_NIC_NIC3_F160W_drz.cat,590,144.3865086,23.2034168,79.67,33.892,17.989,-10.3973,0.0008,14417.88,10.42163
2002dj,HST_10182_e3_NIC_NIC3_F110W_drz.cat,591,144.3854789,23.2034389,64.88,35.66,13.566,-9.2317,0.0028,4928.333,12.74063
2008bf,ie4108020_drz.cat,592,181.0059905,20.2323432,67.34,39.161,30.441,-14.2401,0.0001,496651.0,44.75465
2008bf,hst_skycell-p1721x07y20_wfc3_ir_f110w_coarse-all_drz.cat,593,181.0059609,20.2322634,82.85,42.42,30.776,-14.2176,0.0001,486450.1,23.47374
2008bf,hst_skycell-p1806x07y03_wfc3_ir_f160w_coarse-all_drz.cat,594,181.0312495,20.1996272,78.39,5.747,4.39,-7.2502,0.002,794.4388,1.439249
2008bf,hst_skycell-p1806x07y04_wfc3_ir_f110w_coarse-all_drz.cat,595,181.0059507,20.2322603,81.98,42.161,30.589,-14.2158,0.0001,485628.6,23.20676
2008bf,hst_15909_08_wfc3_ir_f160w_ie4108_drz.cat,596,181.0301971,20.196868,-0.06,2.769,1.724,-4.0426,0.0227,41.404,0.8644068
2008bf,hst_skycell-p1806x07y03_wfc3_ir_f160w_all_drz.cat,597,181.0301979,20.1962515,17.84,0.757,0.443,2.2144,0.1892,0.1300867,0.02266108
2008bf,hst_15909_08_wfc3_ir_f110w_ie4108_drz.cat,598,181.0059494,20.2322704,83.29,42.175,29.665,-14.2468,0.0001,499709.3,25.50275
2008bf,hst_skycell-p1806x07y04_wfc3_ir_f160w_all_drz.cat,599,181.0324567,20.2107127,1.17,0.775,0.5,1.9482,0.1523,0.1662294,0.02331783
2008bf,hst_skycell-p1721x07y20_wfc3_ir_f110w_all_drz.cat,600,181.0143611,20.2272458,-13.61,18.449,15.605,-5.7568,0.007,200.7776,1.296533
2008bf,hst_skycell-p1806x07y04_wfc3_ir_f160w_coarse-all_drz.cat,601,181.0257558,20.2350789,24.09,45.044,35.702,-13.692,0.0,299783.9,11.66971
2008bf,hst_skycell-p1721x07y20_wfc3_ir_f160w_all_drz.cat,602,181.0306044,20.1962493,-85.61,0.729,0.659,1.8173,0.1598,0.1875346,0.02759909
2008bf,hst_skycell-p1806x07y04_wfc3_ir_f110w_all_drz.cat,603,181.0143611,20.2272485,-13.83,18.236,15.091,-5.7067,0.0072,191.7234,1.268124
2008bf,ie4108010_drz.cat,604,180.9845317,20.2178683,-36.11,10.888,8.772,-10.7189,0.0002,19389.63,3.17004
2008bf,hst_skycell-p1721x07y20_wfc3_ir_f160w_coarse-all_drz.cat,605,181.0312505,20.1996268,78.68,5.705,4.335,-7.2434,0.002,789.5101,1.442552
2002bo,n9wu17020_mos.cat,606,154.5239968,21.8321362,-32.02,48.461,17.994,-9.8554,0.0009,8753.032,7.623174
2002bo,HST_11080_17_NIC_NIC3_F187N_drz.cat,607,154.5236686,21.8321642,23.91,92.117,32.878,-9.1959,0.0,4768.118,0.001097019
2002bo,HST_11080_17_NIC_NIC3_F190N_drz.cat,608,154.5236681,21.8321708,23.77,91.219,30.969,-9.2545,0.0,5032.713,0.0002642248
2002bo,n9wu17010_mos.cat,609,154.5239939,21.8321273,-31.8,47.612,16.933,-9.7652,0.0011,8055.32,8.171334
2006kf,hst_17446_29_wfc3_ir_f110w_if7r29_drz.cat,610,55.4749702,8.1461057,-51.27,76.231,0.639,-8.6563,0.0063,2900.712,16.77072
2006kf,if7r29010_drz.cat,611,55.461939,8.1598075,-54.26,75.33,26.75,-14.276,0.0,513329.9,8.342056
2002G,hst_15145_33_wfc3_ir_f160w_idgg33_drz.cat,612,154.2230311,73.4007045,67.38,57.187,46.794,-15.0465,0.0001,1043774.0,48.96202
2002G,hst_15145_39_wfc3_ir_f160w_idgg39_drz.cat,613,154.223238,73.4006844,52.96,59.634,52.647,-15.126,0.0,1123088.0,50.10025
2002G,hst_15145_37_wfc3_ir_f160w_idgg37_drz.cat,614,154.2232237,73.400662,50.35,60.62,52.432,-15.1221,0.0,1119073.0,51.12999
2002G,hst_skycell-p2583x18y09_wfc3_ir_f160w_all_drz.cat,615,154.1960113,73.376895,10.42,24.009,15.574,-6.9601,0.0113,608.2086,6.30422
2002G,hst_15145_3b_wfc3_ir_f160w_idgg3b_drz.cat,616,154.2232291,73.4006681,49.63,60.763,51.733,-15.1162,0.0,1112964.0,50.68431
2002G,hst_16234_69_wfc3_ir_f160w_ieel69_drz.cat,617,154.0811036,73.3813527,-15.81,1.98,0.583,-6.8981,0.02,574.4391,10.59771
2002G,hst_15145_31_wfc3_ir_f160w_idgg31_drz.cat,618,154.2229907,73.4007164,67.11,56.892,46.911,-15.043,0.0001,1040436.0,48.24276
2002G,hst_16234_70_wfc3_ir_f160w_ieel70_drz.cat,619,154.2033973,73.3989531,86.86,18.769,5.187,-9.9502,0.0116,9551.256,102.2498
2002G,hst_15145_35_wfc3_ir_f160w_idgg35_drz.cat,620,154.2230171,73.4007482,61.54,62.206,47.101,-15.0531,0.0001,1050107.0,51.35683
2003cg,HST_7331_98_NIC_NIC2_F160W_drz.cat,621,153.5626808,3.4661754,-43.52,56.322,33.575,-13.7144,0.0,306016.6,0.000753189
2003cg,n3zd98010_mos.cat,622,153.562535,3.4637393,33.75,0.76,0.661,-2.8478,0.1217,13.77543,1.54428
