SNID,File_key,Galaxy_key,Galaxy_RA,Galaxy_Dec,Zeropoint,Instrumental_Mag,Apparent_Magnitude,Absolute_Magnitude,Flag_mag,Flag_instrum
1997bq,hst_15145_33_wfc3_ir_f160w_idgg33_drz,1,154.2230311,73.4007045,25.93547901163736,-15.0465,10.888979011637359,-22.144595255803466,False,False
1997bq,idgg33020_drz,2,154.2227621,73.4005957,25.93547901163736,-15.0686,10.866879011637359,-22.166695255803468,False,False
1997bq,hst_15145_39_wfc3_ir_f160w_idgg39_drz,3,154.223238,73.4006844,25.93547901163736,-15.126,10.80947901163736,-22.22409525580347,False,False
1997bq,idgg31020_drz,4,154.2230451,73.4006644,25.93547901163736,-15.0444,10.891079011637359,-22.142495255803468,False,False
1997bq,hst_15145_37_wfc3_ir_f160w_idgg37_drz,5,154.2232237,73.400662,25.93547901163736,-15.1221,10.813379011637359,-22.220195255803468,False,False
1997bq,hst_skycell-p2583x18y09_wfc3_ir_f160w_all_drz,6,154.1960113,73.376895,25.93547901163736,-6.9601,18.975379011637358,-14.058195255803469,False,False
1997bq,idgg35020_drz,7,154.2228057,73.4005929,25.93547901163736,-15.0676,10.867879011637358,-22.16569525580347,False,False
1997bq,idgg39020_drz,8,154.2241786,73.4007297,25.93547901163736,-15.0329,10.902579011637359,-22.13099525580347,False,False
1997bq,hst_15145_3b_wfc3_ir_f160w_idgg3b_drz,9,154.2232291,73.4006681,25.93547901163736,-15.1162,10.81927901163736,-22.214295255803467,False,False
1997bq,idgg37020_drz,10,154.2241073,73.4005966,25.93547901163736,-15.0329,10.902579011637359,-22.13099525580347,False,False
1997bq,hst_16234_69_wfc3_ir_f160w_ieel69_drz,11,154.0811036,73.3813527,25.93547901163736,-6.8981,19.03737901163736,-13.996195255803467,False,False
1997bq,idgg3b020_drz,12,154.22425,73.400687,25.93547901163736,-15.0337,10.901779011637359,-22.131795255803468,False,False
1997bq,hst_15145_31_wfc3_ir_f160w_idgg31_drz,13,154.2229907,73.4007164,25.93547901163736,-15.043,10.89247901163736,-22.141095255803467,False,False
1997bq,hst_16234_70_wfc3_ir_f160w_ieel70_drz,14,154.2033973,73.3989531,25.93547901163736,-9.9502,15.985279011637358,-17.048295255803467,False,False
1997bq,hst_skycell-p2583x18y09_wfc3_ir_f160w_coarse-all_drz,15,154.2006842,73.3763609,25.93547901163736,-5.3031,20.632379011637358,-12.401195255803469,False,False
1997bq,hst_15145_35_wfc3_ir_f160w_idgg35_drz,16,154.2230171,73.4007482,25.93547901163736,-15.0531,10.882379011637358,-22.15119525580347,False,False
2005W,hst_15145_0b_wfc3_ir_f160w_idgg0b_drz,17,27.6650786,21.7627499,25.93527784632269,-8.8374,17.09787784632269,-15.81894676022138,False,False
2005W,hst_15145_06_wfc3_ir_f160w_idgg06_drz,18,27.6741157,21.7599586,25.93527784632269,-13.4106,12.52467784632269,-20.39214676022138,False,False
2005W,hst_15145_03_wfc3_ir_f160w_idgg03_drz,19,27.6741172,21.7599733,25.93527784632269,-13.4051,12.530177846322692,-20.386646760221375,False,False
2005W,idgg03020_drz,20,27.6737205,21.7600109,25.93527784632269,-13.4464,12.48887784632269,-20.427946760221378,False,False
2005W,idgg01020_drz,21,27.6736709,21.7601296,25.93527784632269,-13.4669,12.46837784632269,-20.44844676022138,False,False
2005W,hst_15145_01_wfc3_ir_f160w_idgg01_drz,22,27.6738928,21.7600726,25.93527784632269,-13.3681,12.567177846322691,-20.349646760221376,False,False
2005W,idgg06020_drz,23,27.6737091,21.7599723,25.93527784632269,-13.4471,12.48817784632269,-20.428646760221376,False,False
2005W,hst_skycell-p1770x03y10_wfc3_ir_f160w_all_drz,24,27.6755551,21.7365459,25.93527784632269,-2.7619,23.17337784632269,-9.743446760221378,True,False
2005W,idgg0b020_drz,25,27.6737077,21.7601722,25.93527784632269,-13.4658,12.469477846322691,-20.44734676022138,False,False
2005W,hst_skycell-p1770x03y10_wfc3_ir_f160w_coarse-all_drz,26,27.6759905,21.734996,25.93527784632269,-5.0711,20.86417784632269,-12.052646760221378,False,False
2006X,hst_skycell-p1636x21y19_wfc3_ir_f110w_coarse-all_drz,27,185.7209775,15.8045306,25.932537326506313,-7.8461,18.086437326506314,-13.686919266068976,False,False
2006X,hst_skycell-p1635x04y19_wfc3_ir_f110w_coarse-all_drz,28,185.8160198,15.7961322,25.932537326506313,-2.7456,23.186937326506314,-8.586419266068976,True,False
2006X,hst_skycell-p1722x05y02_wfc3_ir_f110w_coarse-all_drz,29,185.7287881,15.8222918,25.932537326506313,-15.3815,10.551037326506313,-21.22231926606898,False,False
2006X,hst_16075_01_wfc3_ir_f160w_ie9801_drz,30,185.7288239,15.8223461,25.932537326506313,-14.954,10.978537326506313,-20.794819266068977,False,False
2006X,hst_16075_01_wfc3_ir_f110w_ie9801_drz,31,185.7287693,15.8223383,25.932537326506313,-15.5041,10.428437326506314,-21.344919266068977,False,False
2006X,hst_skycell-p1635x04y19_wfc3_ir_f160w_all_drz,32,185.8140156,15.7942549,25.932537326506313,-0.3173,25.615237326506314,-6.158119266068976,True,False
2006X,hst_14178_ct_wfc3_ir_f110w_id1kct_drz,33,185.813355,15.7951112,25.932537326506313,-1.3752,24.557337326506314,-7.216019266068976,True,False
2006X,iejn02010_drz,34,185.7531752,15.8384692,25.932537326506313,-6.1478,19.784737326506313,-11.988619266068977,True,False
2006X,hst_16500_62_wfc3_ir_f160w_iejn62_drz,35,185.7269767,15.8232436,25.932537326506313,-13.1575,12.775037326506313,-18.998319266068975,False,False
2006X,ie9801020_drz,36,185.7286999,15.8222738,25.932537326506313,-14.9309,11.001637326506314,-20.771719266068978,False,False
2006X,hst_14178_cu_wfc3_ir_f160w_id1kcu_drz,37,185.8327412,15.8200771,25.932537326506313,-11.5152,14.417337326506313,-17.356019266068976,False,False
2006X,hst_skycell-p1635x04y19_wfc3_ir_f110w_all_drz,38,185.8140199,15.7942586,25.932537326506313,-0.6736,25.258937326506313,-6.514419266068977,True,False
2006X,hst_15133_31_wfc3_ir_f160w_idkv31_drz,39,185.7288731,15.8222828,25.932537326506313,-14.8435,11.089037326506313,-20.684319266068975,False,False
2006X,iejn62010_drz,40,185.7287721,15.8222813,25.932537326506313,-14.9051,11.027437326506314,-20.745919266068974,False,False
2006X,hst_skycell-p1722x05y02_wfc3_ir_f160w_all_drz,41,185.7214012,15.7969714,25.932537326506313,-7.2217,18.710837326506315,-13.062519266068975,False,False
2006X,hst_skycell-p1636x21y19_wfc3_ir_f110w_all_drz,42,185.721066,15.8045258,25.932537326506313,-5.9149,20.017637326506314,-11.755719266068976,True,False
2006X,hst_16500_02_wfc3_ir_f160w_iejn02_drz,43,185.7400556,15.8082394,25.932537326506313,-5.8167,20.115837326506313,-11.657519266068977,True,False
2006X,ie9801010_drz,44,185.7287613,15.822287,25.932537326506313,-15.4696,10.462937326506314,-21.310419266068976,False,False
2006X,idkv31030_drz,45,185.7288847,15.8223073,25.932537326506313,-14.8729,11.059637326506314,-20.713719266068978,False,False
2006X,hst_14178_cs_wfc3_ir_f110w_id1kcs_drz,46,185.814084,15.7951765,25.932537326506313,-1.1001,24.832437326506312,-6.940919266068978,True,False
2006X,hst_14178_cr_wfc3_ir_f160w_id1kcr_drz,47,185.8326799,15.8200468,25.932537326506313,-11.4903,14.442237326506314,-17.331119266068974,False,False
2006X,hst_14178_cr_wfc3_ir_f110w_id1kcr_drz,48,185.832688,15.820057,25.932537326506313,-12.1674,13.765137326506313,-18.008219266068977,False,False
2006X,hst_skycell-p1636x21y19_wfc3_ir_f160w_coarse-all_drz,49,185.7287996,15.8223838,25.932537326506313,-14.676,11.256537326506313,-20.51681926606898,False,False
2006X,hst_skycell-p1635x04y19_wfc3_ir_f160w_coarse-all_drz,50,185.8160199,15.7961232,25.932537326506313,-1.8806,24.051937326506312,-7.7214192660689775,True,False
2006X,hst_skycell-p1722x05y02_wfc3_ir_f160w_coarse-all_drz,51,185.7200276,15.7982231,25.932537326506313,-2.3636,23.568937326506315,-8.204419266068975,True,False
2006X,hst_skycell-p1636x21y19_wfc3_ir_f160w_all_drz,52,185.7220851,15.804057,25.932537326506313,-3.464,22.468537326506315,-9.304819266068975,True,False
2006X,hst_skycell-p1722x05y02_wfc3_ir_f110w_all_drz,53,185.7210648,15.8045256,25.932537326506313,-6.8077,19.124837326506313,-12.648519266068977,False,False
2005mz,hst_skycell-p2166x04y09_wfc3_ir_f160w_all_drz,54,49.7957276,41.384687,22.22930825092475,99.0,121.22930825092475,86.83424928121002,True,True
2005mz,hst_11207_07_acs_sbc_f140lp_ja2707_drz,55,49.9600228,41.4971478,22.22930825092475,6.257,28.48630825092475,-5.9087507187899675,True,False
2005mz,hst_skycell-p2166x04y09_wfc3_ir_f160w_coarse-all_drz,56,49.7956815,41.3849338,22.22930825092475,-9.2594,12.96990825092475,-21.42515071878997,False,False
2005mz,icoe02010_drz,57,49.9353294,41.5160931,22.22930825092475,-12.4486,9.780708250924748,-24.61435071878997,False,False
2005mz,n46001021_mos,58,49.950709,41.511974,22.22930825092475,-10.2623,11.96700825092475,-22.42805071878997,False,False
2005mz,n46001020_mos,59,49.9506674,41.5119858,22.22930825092475,-10.2259,12.00340825092475,-22.39165071878997,False,False
2005mz,hst_11207_07_acs_sbc_f140lp_drz,60,49.960516,41.4973451,22.22930825092475,5.2907,27.52000825092475,-6.875050718789968,True,False
2005mz,hst_13050_01_wfc3_ir_f160w_ic0b01_drz,61,49.7693754,41.4686191,22.22930825092475,-12.3984,9.830908250924749,-24.564150718789968,False,False
2005mz,icoe02070_drz,62,49.9506598,41.5117085,22.22930825092475,-13.8124,8.416908250924749,-25.97815071878997,False,False
2005mz,ja2708010_drz,63,49.9743623,41.5099589,22.22930825092475,7.0997,29.32900825092475,-5.066050718789967,True,False
2005mz,ja2706010_drz,64,49.9485197,41.5096447,22.22930825092475,6.2575,28.48680825092475,-5.908250718789969,True,False
2005mz,icoe02060_drz,65,49.9506561,41.5117074,22.22930825092475,-13.8228,8.406508250924748,-25.98855071878997,False,False
2005mz,icoe02050_drz,66,49.9506568,41.5117114,22.22930825092475,-13.8193,8.410008250924749,-25.98505071878997,False,False
2005mz,hst_13662_02_wfc3_ir_f160w_icoe02_drz,67,49.964781,41.4704055,22.22930825092475,-5.8858,16.34350825092475,-18.05155071878997,False,False
2005mz,hst_13050_02_wfc3_ir_f160w_ic0b02_drz,68,49.8048803,41.3230885,22.22930825092475,-5.1441,17.08520825092475,-17.309850718789967,False,False
2005mz,icoe02080_drz,69,49.9506515,41.5117113,22.22930825092475,-13.8295,8.39980825092475,-25.99525071878997,False,False
2005mz,icoe02040_drz,70,49.9506666,41.5116936,22.22930825092475,-14.3096,7.919708250924749,-26.47535071878997,False,False
2005mz,icoe02030_drz,71,49.9705741,41.4827082,22.22930825092475,-7.5578,14.671508250924749,-19.72355071878997,False,False
2005mz,hst_11207_06_acs_sbc_f140lp_drz,72,49.9430762,41.4978673,22.22930825092475,6.9779,29.20720825092475,-5.187850718789967,True,False
2005mz,hst_11207_08_acs_sbc_f140lp_ja2708_drz,73,49.9700571,41.4971859,22.22930825092475,5.5044,27.73370825092475,-6.6613507187899685,True,False
2005mz,HST_7330_1r_NIC_NIC2_F160W_drz,74,49.9505268,41.5118263,22.22930825092475,-11.7658,10.463508250924749,-23.93155071878997,False,False
2005mz,hst_11207_08_acs_sbc_f140lp_drz,75,49.9703814,41.4973296,22.22930825092475,4.6687,26.89800825092475,-7.497050718789968,True,False
2005mz,icoe02020_drz,76,49.9352839,41.5160963,22.22930825092475,-12.4459,9.783408250924749,-24.611650718789967,False,False
2005mz,hst_13050_11_wfc3_ir_f160w_ic0b11_drz,77,50.0311226,41.605312,22.22930825092475,-8.8541,13.375208250924748,-21.019850718789968,False,False
2005mz,hst_11207_06_acs_sbc_f140lp_ja2706_drz,78,49.9431401,41.4974433,22.22930825092475,6.257,28.48630825092475,-5.9087507187899675,True,False
2005mz,n3zb1r010_mos,79,49.9505594,41.5118023,22.22930825092475,-10.359,11.870308250924749,-22.524750718789967,False,False
2005mz,ja2707010_drz,80,49.9651894,41.5093661,22.22930825092475,6.2576,28.48690825092475,-5.908150718789969,True,False
2006D,hst_15640_01_wfc3_ir_f160w_idxb01_drz,81,193.144598,-9.7766155,25.933782550932182,-13.2952,12.638582550932183,-20.18872268045093,False,False
2006D,hst_15640_05_wfc3_ir_f160w_idxb05_drz,82,193.1445959,-9.7766132,25.933782550932182,-13.3,12.633782550932182,-20.193522680450933,False,False
2006D,hst_15640_0a_wfc3_ir_f160w_idxb0a_drz,83,193.1445933,-9.7765618,25.933782550932182,-13.2678,12.665982550932183,-20.16132268045093,False,False
2006D,idxb0anmq_drz,84,193.1445527,-9.7765644,25.933782550932182,-13.266,12.667782550932182,-20.159522680450934,False,False
2006D,idxb04glq_drz,85,193.1446001,-9.7765917,25.933782550932182,-13.266,12.667782550932182,-20.159522680450934,False,False
2006D,hst_15640_04_wfc3_ir_f160w_idxb04_drz,86,193.1446017,-9.7765804,25.933782550932182,-13.2733,12.660482550932182,-20.166822680450935,False,False
2006D,idxb02030_drz,87,193.1445454,-9.7765449,25.933782550932182,-13.2703,12.663482550932182,-20.163822680450934,False,False
2006D,idxb0b030_drz,88,193.1445519,-9.7765514,25.933782550932182,-13.2655,12.668282550932183,-20.15902268045093,False,False
2006D,idxb06o5q_drz,89,193.1445444,-9.7765573,25.933782550932182,-13.2644,12.669382550932182,-20.15792268045093,False,False
2006D,idxb08j3q_drz,90,193.1445447,-9.7765315,25.933782550932182,-13.2743,12.659482550932182,-20.167822680450932,False,False
2006D,hst_skycell-p1102x15y12_wfc3_ir_f160w_coarse-all_drz,91,193.1446085,-9.7765914,25.933782550932182,-13.2744,12.659382550932182,-20.167922680450932,False,False
2006D,hst_15640_06_wfc3_ir_f160w_idxb06_drz,92,193.1446048,-9.7765751,25.933782550932182,-13.2823,12.651482550932183,-20.17582268045093,False,False
2006D,idxb09030_drz,93,193.1445468,-9.7765482,25.933782550932182,-13.2683,12.665482550932182,-20.161822680450932,False,False
2006D,idxb05030_drz,94,193.144546,-9.7765443,25.933782550932182,-13.2735,12.660282550932182,-20.167022680450934,False,False
2006D,hst_15640_0b_wfc3_ir_f160w_idxb0b_drz,95,193.144577,-9.7765754,25.933782550932182,-13.2804,12.653382550932182,-20.173922680450932,False,False
2006D,hst_15640_08_wfc3_ir_f160w_idxb08_drz,96,193.1445922,-9.776564,25.933782550932182,-13.2803,12.653482550932182,-20.173822680450932,False,False
2006D,idxb07030_drz,97,193.144543,-9.7765466,25.933782550932182,-13.2712,12.662582550932182,-20.164722680450932,False,False
2006D,hst_skycell-p1102x15y12_wfc3_ir_f160w_all_drz,98,193.132436,-9.7941024,25.933782550932182,-5.5171,20.416682550932183,-12.410622680450931,False,False
2006D,hst_15640_02_wfc3_ir_f160w_idxb02_drz,99,193.1445593,-9.7765597,25.933782550932182,-13.2767,12.657082550932182,-20.170222680450934,False,False
2006D,hst_15640_09_wfc3_ir_f160w_idxb09_drz,100,193.1445438,-9.7765528,25.933782550932182,-13.2731,12.660682550932183,-20.16662268045093,False,False
2006D,idxb03030_drz,101,193.1445426,-9.7765472,25.933782550932182,-13.2736,12.660182550932182,-20.16712268045093,False,False
2006D,hst_15640_03_wfc3_ir_f160w_idxb03_drz,102,193.1445932,-9.7766145,25.933782550932182,-13.301,12.632782550932182,-20.19452268045093,False,False
2006D,idxb01030_drz,103,193.1491768,-9.7814839,25.933782550932182,-10.6701,15.263682550932183,-17.563622680450933,False,False
2006D,hst_15640_07_wfc3_ir_f160w_idxb07_drz,104,193.1445608,-9.776563,25.933782550932182,-13.2832,12.650582550932182,-20.176722680450933,False,False
2007au,if7q89010_drz,105,107.924346,49.8666599,26.802394340324035,-11.888,14.914394340324035,-19.78040293955234,False,False
2007au,hst_17436_89_wfc3_ir_f110w_if7q89_drz,106,107.9244507,49.8622462,26.802394340324035,-14.3534,12.448994340324035,-22.24580293955234,False,False
2007af,ie5406070_drz,107,215.5602049,-0.3969524,25.946227204106755,-4.4483,21.497927204106755,-10.385901220971714,True,False
2007af,hst_11570_41_wfc3_ir_f160w_drz,108,215.6131879,-0.4079402,25.946227204106755,-1.3563,24.589927204106754,-7.293901220971716,True,False
2007af,hst_skycell-p1376x13y01_wfc3_ir_f160w_coarse-all_drz,109,215.6135114,-0.4080154,25.946227204106755,-6.7651,19.181127204106755,-12.702701220971715,False,False
2007af,hst_skycell-p1286x13y18_wfc3_ir_f140w_all_drz,110,215.5959952,-0.3971662,25.946227204106755,-1.8593,24.086927204106754,-7.796901220971716,True,False
2007af,hst_skycell-p1286x13y18_wfc3_ir_f125w_coarse-all_drz,111,215.5858592,-0.3981414,25.946227204106755,-4.1789,21.767327204106756,-10.116501220971713,True,False
2007af,ib1f42t6q_drz,112,215.5904561,-0.3883236,25.946227204106755,-8.7373,17.208927204106757,-14.674901220971712,False,False
2007af,hst_skycell-p1376x13y01_wfc3_ir_f105w_all_drz,113,215.5945841,-0.3978461,25.946227204106755,-2.8663,23.079927204106756,-8.803901220971714,True,False
2007af,ie5406060_drz,114,215.5591016,-0.3961603,25.946227204106755,-6.9184,19.027827204106757,-12.856001220971713,False,False
2007af,ib1f42010_drz,115,215.5821966,-0.3904947,25.946227204106755,-2.109,23.837227204106753,-8.046601220971716,True,False
2007af,hst_15889_06_wfc3_ir_f125w_ie5406_drz,116,215.5858408,-0.3981206,25.946227204106755,-4.4272,21.519027204106756,-10.364801220971714,True,False
2007af,hst_15889_06_wfc3_ir_f140w_ie5406_drz,117,215.5917416,-0.3967889,25.946227204106755,-4.3824,21.563827204106754,-10.320001220971715,True,False
2007af,ie5406010_drz,118,215.5820545,-0.3949059,25.946227204106755,-4.0256,21.920627204106754,-9.963201220971715,True,False
2007af,hst_skycell-p1376x13y01_wfc3_ir_f105w_coarse-all_drz,119,215.5969659,-0.3977205,25.946227204106755,-4.1039,21.842327204106756,-10.041501220971714,True,False
2007af,hst_skycell-p1376x13y01_wfc3_ir_f140w_all_drz,120,215.5948544,-0.3971421,25.946227204106755,-2.5244,23.421827204106755,-8.462001220971715,True,False
2007af,hst_skycell-p1286x13y18_wfc3_ir_f105w_all_drz,121,215.5954359,-0.397834,25.946227204106755,-2.4878,23.458427204106755,-8.425401220971715,True,False
2007af,hst_11570_42_wfc3_ir_f160w_drz,122,215.6136536,-0.4080147,25.946227204106755,99.0,124.94622720410675,93.06239877902829,True,True
2007af,hst_11570_41_wfc3_ir_f160w_ib1f41_drz,123,215.6131573,-0.4078498,25.946227204106755,-1.7206,24.225627204106754,-7.658201220971716,True,False
2007af,hst_skycell-p1286x13y18_wfc3_ir_f140w_coarse-all_drz,124,215.5961668,-0.3969561,25.946227204106755,-3.7432,22.203027204106753,-9.680801220971716,True,False
2007af,hst_skycell-p1376x13y01_wfc3_ir_f140w_coarse-all_drz,125,215.5874834,-0.3968127,25.946227204106755,-4.0187,21.927527204106756,-9.956301220971714,True,False
2007af,hst_skycell-p1286x13y18_wfc3_ir_f160w_all_drz,126,215.6126702,-0.4083085,25.946227204106755,-0.6419,25.304327204106755,-6.579501220971714,True,False
2007af,hst_skycell-p1376x13y01_wfc3_ir_f125w_all_drz,127,215.5974588,-0.3986284,25.946227204106755,-2.0559,23.890327204106754,-7.993501220971716,True,False
2007af,hst_15889_06_wfc3_ir_f105w_ie5406_drz,128,215.5969749,-0.3977237,25.946227204106755,-4.1823,21.763927204106757,-10.119901220971713,True,False
2007af,hst_skycell-p1286x13y18_wfc3_ir_f105w_coarse-all_drz,129,215.5969694,-0.3977176,25.946227204106755,-4.0573,21.888927204106757,-9.994901220971713,True,False
2007af,hst_15889_06_wfc3_ir_f160w_ie5406_drz,130,215.5913189,-0.3956025,25.946227204106755,-4.1142,21.832027204106755,-10.051801220971715,True,False
2007af,hst_11570_42_wfc3_ir_f160w_ib1f42_drz,131,215.6131346,-0.4082206,25.946227204106755,-6.1611,19.785127204106754,-12.098701220971716,False,False
2007af,hst_skycell-p1376x13y01_wfc3_ir_f125w_coarse-all_drz,132,215.5837658,-0.3979959,25.946227204106755,-4.2398,21.706427204106756,-10.177401220971714,True,False
2007af,ib1f41mrq_drz,133,215.5904688,-0.3885715,25.946227204106755,-8.872,17.074227204106755,-14.809601220971714,False,False
2007af,hst_skycell-p1376x13y01_wfc3_ir_f160w_all_drz,134,215.6120316,-0.4081814,25.946227204106755,-1.8586,24.087627204106756,-7.796201220971714,True,False
2007af,hst_mos_1013227_wfc3_ir_f160w_drz,135,215.6141785,-0.4055234,25.946227204106755,-5.2587,20.687527204106754,-11.196301220971716,True,False
2007af,hst_skycell-p1286x13y18_wfc3_ir_f160w_coarse-all_drz,136,215.6127585,-0.4083031,25.946227204106755,-4.2523,21.693927204106757,-10.189901220971713,True,False
2007af,hst_skycell-p1286x13y18_wfc3_ir_f125w_all_drz,137,215.5970097,-0.3985797,25.946227204106755,-2.3773,23.568927204106757,-8.314901220971713,True,False
2007af,ib1f41010_drz,138,215.5904491,-0.3884947,25.946227204106755,-9.0471,16.899127204106755,-14.984701220971715,False,False
2007af,ie5406040_drz,139,215.5584184,-0.3950458,25.946227204106755,-4.8376,21.108627204106753,-10.775201220971717,True,False
2005al,hst_17446_24_wfc3_ir_f110w_if7r24_drz,140,207.509062,-30.5901972,26.80316307792767,-12.7382,14.06496307792767,-19.574705423429002,False,False
2005al,if7r24010_drz,141,207.506255,-30.5783963,26.80316307792767,-14.4066,12.396563077927672,-21.243105423429,False,False
2005al,hst_skycell-p0681x19y08_wfc3_ir_f110w_coarse-all_drz,142,207.4883959,-30.5993675,26.80316307792767,-5.2513,21.55186307792767,-12.087805423429003,False,False
2005al,hst_skycell-p0681x19y08_wfc3_ir_f110w_all_drz,143,207.4936352,-30.5946658,26.80316307792767,-8.0869,18.71626307792767,-14.923405423429003,False,False
2005al,hst_skycell-p0681x19y09_wfc3_ir_f110w_coarse-all_drz,144,207.5058692,-30.5773536,26.80316307792767,-13.5738,13.22936307792767,-20.410305423429,False,False
2005al,hst_skycell-p0681x19y09_wfc3_ir_f110w_all_drz,145,207.5160967,-30.578677,26.80316307792767,1.0715,27.87466307792767,-5.7650054234290025,True,False
2005M,n90ze4030_mos,146,144.3869113,23.2032039,23.400003872471988,-9.1036,14.296403872471988,-20.851914160596227,False,False
2005M,HST_10182_e4_NIC_NIC3_F160W_drz,147,144.3843469,23.2068683,23.400003872471988,-8.2949,15.105103872471988,-20.04321416059623,False,False
2005M,HST_10182_e2_NIC_NIC3_F110W_drz,148,144.3874197,23.2055851,23.400003872471988,-7.9959,15.404103872471989,-19.744214160596226,False,False
2005M,HST_10182_e1_NIC_NIC3_F110W_drz,149,144.3915696,23.2036353,23.400003872471988,99.0,122.40000387247198,87.25168583940376,True,True
2005M,n90ze4020_mos,150,144.3852391,23.2032297,23.400003872471988,-7.8133,15.586703872471988,-19.56161416059623,False,False
2005M,n90ze2030_mos,151,144.3869511,23.2030915,23.400003872471988,-8.9507,14.449303872471988,-20.699014160596228,False,False
2005M,HST_10182_e1_NIC_NIC3_F160W_drz,152,144.3733215,23.1989358,23.400003872471988,-0.7473,22.65270387247199,-12.495614160596226,False,False
2005M,HST_10182_e4_NIC_NIC3_F110W_drz,153,144.3842817,23.2069225,23.400003872471988,-7.773,15.627003872471988,-19.521314160596226,False,False
2005M,HST_10182_e2_NIC_NIC3_F160W_drz,154,144.3872534,23.2030749,23.400003872471988,-10.5851,12.814903872471987,-22.333414160596227,False,False
2005M,n90ze2020_mos,155,144.386864,23.2033196,23.400003872471988,-8.4419,14.958103872471987,-20.190214160596227,False,False
2005M,n90ze5030_mos,156,144.3850436,23.2033498,23.400003872471988,-7.8664,15.53360387247199,-19.614714160596225,False,False
2005M,HST_10182_e5_NIC_NIC3_F110W_drz,157,144.3849586,23.2033471,23.400003872471988,-9.49,13.910003872471988,-21.238314160596225,False,False
2005M,HST_10182_e3_NIC_NIC3_F160W_drz,158,144.3869834,23.203539,23.400003872471988,-10.7056,12.694403872471987,-22.453914160596227,False,False
2005M,n90ze5020_mos,159,144.385049,23.2033444,23.400003872471988,-7.7742,15.625803872471987,-19.522514160596227,False,False
2005M,n90ze1020_mos,160,144.3756493,23.1945799,23.400003872471988,-6.3615,17.03850387247199,-18.109814160596226,False,False
2005M,n90ze3030_mos,161,144.3868387,23.2030749,23.400003872471988,-8.9901,14.409903872471988,-20.73841416059623,False,False
2005M,n90ze3020_mos,162,144.3867874,23.2032926,23.400003872471988,-8.5406,14.859403872471988,-20.288914160596228,False,False
2005M,n90ze1030_mos,163,144.3868051,23.2035406,23.400003872471988,-8.8508,14.549203872471988,-20.599114160596226,False,False
2005M,HST_10182_e5_NIC_NIC3_F160W_drz,164,144.3865086,23.2034168,23.400003872471988,-10.3973,13.002703872471988,-22.145614160596224,False,False
2005M,HST_10182_e3_NIC_NIC3_F110W_drz,165,144.3854789,23.2034389,23.400003872471988,-9.2317,14.168303872471988,-20.980014160596227,False,False
2005ke,hst_skycell-p0726x07y16_wfc3_ir_f160w_coarse-all_drz,166,53.7493078,-24.9225763,25.935213457316884,-5.0969,20.838313457316886,-10.776345728242166,True,False
2005ke,hst_skycell-p0726x07y15_wfc3_ir_f160w_coarse-all_drz,167,53.7555371,-24.9331569,25.935213457316884,-14.5144,11.420813457316884,-20.193845728242167,False,False
2005ke,hst_skycell-p0726x07y16_wfc3_ir_f160w_all_drz,168,53.7654824,-24.9241339,25.935213457316884,1.2213,27.156513457316883,-4.458145728242169,True,False
2005ke,idkv07030_drz,169,53.755639,-24.9333013,25.935213457316884,-14.5673,11.367913457316885,-20.246745728242168,False,False
2005ke,hst_15133_07_wfc3_ir_f160w_idkv07_drz,170,53.7557004,-24.9331952,25.935213457316884,-14.5922,11.343013457316884,-20.27164572824217,False,False
2005ke,hst_skycell-p0726x07y15_wfc3_ir_f160w_all_drz,171,53.7477358,-24.9559408,25.935213457316884,-4.2269,21.708313457316883,-9.906345728242169,True,False
2002fb,hst_17436_12_wfc3_ir_f110w_if7q12_drz,172,29.4597474,36.3430743,26.802632814892434,-14.7283,12.074332814892433,-22.02026468771467,False,False
2002fb,if7q12010_drz,173,29.4597399,36.3430617,26.802632814892434,-14.7269,12.075732814892433,-22.018864687714668,False,False
2002fk,hst_skycell-p0978x05y05_wfc3_ir_f160w_all_drz,174,50.5341893,-15.4210352,23.465306907308975,-6.2623,17.203006907308975,-15.251687030587746,False,False
2002fk,na4m03010_mos,175,50.5256048,-15.4084269,23.465306907308975,-0.9764,22.488906907308973,-9.965787030587748,True,False
2002fk,hst_15145_33_wfc3_ir_f160w_idgg33_drz,176,154.2230311,73.4007045,23.465306907308975,-15.0465,8.418806907308975,-24.035887030587745,False,False
2002fk,HST_10802_57_NIC_NIC2_F160W_drz,177,50.516525,-15.4006612,23.465306907308975,-7.9292,15.536106907308975,-16.918587030587744,False,False
2002fk,HST_10802_f5_NIC_NIC2_F160W_drz,178,50.5283586,-15.4048793,23.465306907308975,-8.9606,14.504706907308975,-17.949987030587746,False,False
2002fk,ib1f20030_drz,179,50.5194879,-15.3958642,23.465306907308975,-10.3819,13.083406907308975,-19.371287030587744,False,False
2002fk,idgg33020_drz,180,154.2227621,73.4005957,23.465306907308975,-15.0686,8.396706907308975,-24.057987030587746,False,False
2002fk,hst_15145_39_wfc3_ir_f160w_idgg39_drz,181,154.223238,73.4006844,23.465306907308975,-15.126,8.339306907308975,-24.115387030587748,False,False
2002fk,n9r757010_mos,182,50.5109568,-15.4007515,23.465306907308975,-2.9853,20.480006907308976,-11.974687030587745,True,False
2002fk,HST_11329_03_NIC_NIC2_F160W_drz,183,50.5292329,-15.4075196,23.465306907308975,99.0,122.46530690730897,90.01061296941225,True,True
2002fk,n9r755010_mos,184,50.5165294,-15.4006823,23.465306907308975,-5.7558,17.709506907308974,-14.745187030587747,False,False
2002fk,idgg31020_drz,185,154.2230451,73.4006644,23.465306907308975,-15.0444,8.420906907308975,-24.033787030587746,False,False
2002fk,ib1f20020_drz,186,50.5194971,-15.3958854,23.465306907308975,-10.2693,13.196006907308975,-19.258687030587744,False,False
2002fk,hst_15145_37_wfc3_ir_f160w_idgg37_drz,187,154.2232237,73.400662,23.465306907308975,-15.1221,8.343206907308975,-24.111487030587746,False,False
2002fk,HST_10802_f6_NIC_NIC2_F160W_drz,188,50.5283723,-15.4048951,23.465306907308975,-9.0073,14.458006907308974,-17.996687030587747,False,False
2002fk,na4m01010_mos,189,50.5288747,-15.4097811,23.465306907308975,-1.5013,21.964006907308974,-10.490687030587747,True,False
2002fk,hst_skycell-p2583x18y09_wfc3_ir_f160w_all_drz,190,154.1960113,73.376895,23.465306907308975,-6.9601,16.505206907308974,-15.949487030587747,False,False
2002fk,n9r7f7010_mos,191,50.5288469,-15.4097892,23.465306907308975,-1.9434,21.521906907308974,-10.932787030587747,True,False
2002fk,idgg35020_drz,192,154.2228057,73.4005929,23.465306907308975,-15.0676,8.397706907308974,-24.05698703058775,False,False
2002fk,idgg39020_drz,193,154.2241786,73.4007297,23.465306907308975,-15.0329,8.432406907308975,-24.022287030587748,False,False
2002fk,hst_15145_3b_wfc3_ir_f160w_idgg3b_drz,194,154.2232291,73.4006681,23.465306907308975,-15.1162,8.349106907308975,-24.105587030587746,False,False
2002fk,hst_11570_20_wfc3_ir_f160w_drz,195,50.5348374,-15.422509,23.465306907308975,1.9535,25.418806907308976,-7.035887030587745,True,False
2002fk,HST_11329_05_NIC_NIC2_F160W_drz,196,50.5283852,-15.4048715,23.465306907308975,-8.9754,14.489906907308974,-17.964787030587747,False,False
2002fk,na4m05010_mos,197,50.528846,-15.4097917,23.465306907308975,-1.897,21.568306907308976,-10.886387030587745,True,False
2002fk,n9r7f5010_mos,198,50.5288734,-15.4097843,23.465306907308975,-1.9059,21.559406907308976,-10.895287030587745,True,False
2002fk,idgg37020_drz,199,154.2241073,73.4005966,23.465306907308975,-15.0329,8.432406907308975,-24.022287030587748,False,False
2002fk,ib1f20040_drz,200,50.5336125,-15.395903,23.465306907308975,-10.3762,13.089106907308974,-19.365587030587747,False,False
2002fk,n9r756010_mos,201,50.5140188,-15.404465,23.465306907308975,-1.8343,21.631006907308976,-10.823687030587745,True,False
2002fk,hst_15889_02_wfc3_ir_f160w_ie5402_drz,202,50.5421544,-15.3814877,23.465306907308975,-3.4061,20.059206907308976,-12.395487030587745,False,False
2002fk,hst_11570_20_wfc3_ir_f160w_ib1f20_drz,203,50.5357384,-15.4153018,23.465306907308975,-7.1549,16.310406907308973,-16.144287030587748,False,False
2002fk,na4m02010_mos,204,50.5288718,-15.4097987,23.465306907308975,-1.995,21.470306907308974,-10.984387030587747,True,False
2002fk,hst_16234_69_wfc3_ir_f160w_ieel69_drz,205,154.0811036,73.3813527,23.465306907308975,-6.8981,16.567206907308975,-15.887487030587746,False,False
2002fk,idgg3b020_drz,206,154.22425,73.400687,23.465306907308975,-15.0337,8.431606907308975,-24.023087030587746,False,False
2002fk,n9r758010_mos,207,50.5165307,-15.4006757,23.465306907308975,-5.7265,17.738806907308977,-14.715887030587744,False,False
2002fk,HST_11329_04_NIC_NIC2_F160W_drz,208,50.5331459,-15.409697,23.465306907308975,0.7418,24.207106907308976,-8.247587030587745,True,False
2002fk,na4m04010_mos,209,50.5288419,-15.4097896,23.465306907308975,-1.6109,21.854406907308974,-10.600287030587747,True,False
2002fk,hst_15145_31_wfc3_ir_f160w_idgg31_drz,210,154.2229907,73.4007164,23.465306907308975,-15.043,8.422306907308975,-24.032387030587746,False,False
2002fk,HST_11329_02_NIC_NIC2_F160W_drz,211,50.5283668,-15.4048803,23.465306907308975,-8.9682,14.497106907308975,-17.957587030587746,False,False
2002fk,HST_10802_58_NIC_NIC2_F160W_drz,212,50.5106214,-15.4029301,23.465306907308975,99.0,122.46530690730897,90.01061296941225,True,True
2002fk,n9r7f6010_mos,213,50.5285938,-15.4100804,23.465306907308975,-0.1479,23.317406907308975,-9.137287030587746,True,False
2002fk,HST_10802_55_NIC_NIC2_F160W_drz,214,50.5106196,-15.4025456,23.465306907308975,99.0,122.46530690730897,90.01061296941225,True,True
2002fk,HST_10802_f7_NIC_NIC2_F160W_drz,215,50.5283911,-15.4048804,23.465306907308975,-8.9588,14.506506907308975,-17.948187030587746,False,False
2002fk,hst_16234_70_wfc3_ir_f160w_ieel70_drz,216,154.2033973,73.3989531,23.465306907308975,-9.9502,13.515106907308974,-18.939587030587745,False,False
2002fk,ib1f20010_drz,217,50.5360325,-15.4043923,23.465306907308975,-9.9013,13.564006907308974,-18.89068703058775,False,False
2002fk,HST_10802_56_NIC_NIC2_F160W_drz,218,50.5106214,-15.4024228,23.465306907308975,3.5534,27.018706907308975,-5.4359870305877465,True,False
2002fk,hst_skycell-p2583x18y09_wfc3_ir_f160w_coarse-all_drz,219,154.2006842,73.3763609,23.465306907308975,-5.3031,18.162206907308974,-14.292487030587747,False,False
2002fk,HST_10802_f4_NIC_NIC2_F160W_drz,220,50.5283532,-15.4048921,23.465306907308975,-8.9722,14.493106907308974,-17.961587030587747,False,False
2002fk,n9r7f4010_mos,221,50.525807,-15.4082716,23.465306907308975,-1.8481,21.617206907308976,-10.837487030587745,True,False
2002fk,HST_11329_01_NIC_NIC2_F160W_drz,222,50.529209,-15.4081411,23.465306907308975,99.0,122.46530690730897,90.01061296941225,True,True
2002fk,hst_skycell-p0978x05y05_wfc3_ir_f160w_coarse-all_drz,223,50.5357376,-15.4153018,23.465306907308975,-7.1298,16.335506907308975,-16.119187030587746,False,False
2002fk,hst_15145_35_wfc3_ir_f160w_idgg35_drz,224,154.2230171,73.4007482,23.465306907308975,-15.0531,8.412206907308974,-24.042487030587747,False,False
2007sr,hst_skycell-p0923x09y07_wfc3_ir_f160w_all_drz,225,180.4627307,-18.9900944,26.251390514221136,-5.7402,20.511190514221134,-11.330163739260385,True,False
2007sr,hst_15889_07_wfc3_ir_f125w_ie5407_drz,226,180.4666256,-18.9900714,26.251390514221136,-6.8383,19.413090514221135,-12.428263739260384,False,False
2007sr,hst_15889_07_wfc3_ir_f140w_ie5407_drz,227,180.464473,-18.9900278,26.251390514221136,-5.7168,20.534590514221136,-11.306763739260383,True,False
2007sr,hst_skycell-p0923x09y07_wfc3_ir_f140w_coarse-all_drz,228,180.4644899,-18.9900168,26.251390514221136,-5.2913,20.960090514221136,-10.881263739260383,True,False
2007sr,hst_skycell-p0923x09y07_wfc3_ir_f125w_all_drz,229,180.4667847,-18.9900466,26.251390514221136,99.0,125.25139051422113,93.41003626073962,True,True
2007sr,hst_skycell-p0923x09y07_wfc3_ir_f125w_coarse-all_drz,230,180.4670801,-18.9898883,26.251390514221136,-4.0651,22.186290514221135,-9.655063739260385,True,False
2007sr,ie5407040_drz,231,180.494248,-18.9651342,26.251390514221136,-4.8823,21.369090514221135,-10.472263739260384,True,False
2007sr,hst_11577_20_wfc3_ir_f160w_ib5u20_drz,232,180.4828042,-18.8685994,26.251390514221136,-11.3605,14.890890514221136,-16.950463739260385,False,False
2007sr,hst_skycell-p0923x09y07_wfc3_ir_f140w_all_drz,233,180.4645334,-18.9900603,26.251390514221136,-5.3281,20.923290514221137,-10.918063739260383,True,False
2007sr,ie5407070_drz,234,180.4668111,-18.9900108,26.251390514221136,99.0,125.25139051422113,93.41003626073962,True,True
2007sr,ie5407060_drz,235,180.465684,-18.9893591,26.251390514221136,-5.0975,21.153890514221136,-10.687463739260384,True,False
2007sr,hst_skycell-p0923x09y07_wfc3_ir_f160w_coarse-all_drz,236,180.4621372,-18.9899576,26.251390514221136,-3.9816,22.269790514221135,-9.571563739260384,True,False
2007sr,hst_15889_07_wfc3_ir_f105w_ie5407_drz,237,180.4661293,-18.9900553,26.251390514221136,-10.0807,16.170690514221135,-15.670663739260384,False,False
2007sr,ie5407010_drz,238,180.47442,-18.9761162,26.251390514221136,-10.8282,15.423190514221135,-16.418163739260386,False,False
2007sr,hst_15889_07_wfc3_ir_f160w_ie5407_drz,239,180.4629378,-18.9898116,26.251390514221136,-3.4244,22.826990514221137,-9.014363739260382,True,False
2007sr,hst_skycell-p0923x09y07_wfc3_ir_f105w_all_drz,240,180.4656381,-18.9900797,26.251390514221136,-7.7262,18.525190514221137,-13.316163739260382,False,False
2007sr,hst_skycell-p0923x09y07_wfc3_ir_f105w_coarse-all_drz,241,180.4661137,-18.9901379,26.251390514221136,-9.8815,16.369890514221133,-15.471463739260386,False,False
2002cr,idgg5b020_drz,242,211.6564428,-5.4532112,25.93538124752633,-8.977,16.95838124752633,-16.0837416801177,False,False
2002cr,hst_15145_51_wfc3_ir_f160w_idgg51_drz,243,211.6374028,-5.4764443,25.93538124752633,-9.0057,16.929681247526332,-16.112441680117698,False,False
2002cr,hst_skycell-p1195x06y13_wfc3_ir_f160w_all_drz,244,211.637864,-5.476933,25.93538124752633,99.0,124.93538124752632,91.89325831988229,True,True
2002cr,hst_15145_55_wfc3_ir_f160w_idgg55_drz,245,211.6373961,-5.476446,25.93538124752633,-7.9911,17.94428124752633,-15.0978416801177,False,False
2002cr,idgg51020_drz,246,211.6565073,-5.4532877,25.93538124752633,-9.0324,16.902981247526327,-16.139141680117703,False,False
2002cr,hst_15145_59_wfc3_ir_f160w_idgg59_drz,247,211.6373768,-5.476479,25.93538124752633,-7.949,17.98638124752633,-15.055741680117698,False,False
2002cr,hst_15145_53_wfc3_ir_f160w_idgg53_drz,248,211.6373802,-5.4764691,25.93538124752633,-8.9267,17.00868124752633,-16.0334416801177,False,False
2002cr,hst_skycell-p1195x06y13_wfc3_ir_f160w_coarse-all_drz,249,211.637396,-5.4764455,25.93538124752633,-8.4691,17.466281247526332,-15.575841680117698,False,False
2002cr,hst_15145_57_wfc3_ir_f160w_idgg57_drz,250,211.637397,-5.4764767,25.93538124752633,-5.9081,20.02728124752633,-13.014841680117701,False,False
2002cr,idgg53020_drz,251,211.6564277,-5.4531865,25.93538124752633,-8.7583,17.17708124752633,-15.865041680117699,False,False
2002cr,hst_15145_5b_wfc3_ir_f160w_idgg5b_drz,252,211.6373783,-5.4764726,25.93538124752633,-8.301,17.634381247526328,-15.407741680117702,False,False
2002cr,idgg57020_drz,253,211.6368955,-5.4580293,25.93538124752633,-9.2362,16.69918124752633,-16.3429416801177,False,False
2002cr,idgg59020_drz,254,211.6564517,-5.4532275,25.93538124752633,-9.0235,16.91188124752633,-16.1302416801177,False,False
2002cr,idgg55020_drz,255,211.656438,-5.4532128,25.93538124752633,-9.036,16.89938124752633,-16.1427416801177,False,False
2002cr,hst_skycell-p1195x05y13_wfc3_ir_f160w_coarse-all_drz,256,211.6478355,-5.4532676,25.93538124752633,-8.5263,17.40908124752633,-15.6330416801177,False,False
2008fv,hst_15145_33_wfc3_ir_f160w_idgg33_drz,257,154.2230311,73.4007045,25.93547901163736,-15.0465,10.888979011637359,-22.144595255803466,False,False
2008fv,idgg33020_drz,258,154.2227621,73.4005957,25.93547901163736,-15.0686,10.866879011637359,-22.166695255803468,False,False
2008fv,hst_15145_39_wfc3_ir_f160w_idgg39_drz,259,154.223238,73.4006844,25.93547901163736,-15.126,10.80947901163736,-22.22409525580347,False,False
2008fv,idgg31020_drz,260,154.2230451,73.4006644,25.93547901163736,-15.0444,10.891079011637359,-22.142495255803468,False,False
2008fv,hst_15145_37_wfc3_ir_f160w_idgg37_drz,261,154.2232237,73.400662,25.93547901163736,-15.1221,10.813379011637359,-22.220195255803468,False,False
2008fv,hst_skycell-p2583x18y09_wfc3_ir_f160w_all_drz,262,154.1960113,73.376895,25.93547901163736,-6.9601,18.975379011637358,-14.058195255803469,False,False
2008fv,idgg35020_drz,263,154.2228057,73.4005929,25.93547901163736,-15.0676,10.867879011637358,-22.16569525580347,False,False
2008fv,idgg39020_drz,264,154.2241786,73.4007297,25.93547901163736,-15.0329,10.902579011637359,-22.13099525580347,False,False
2008fv,hst_15145_3b_wfc3_ir_f160w_idgg3b_drz,265,154.2232291,73.4006681,25.93547901163736,-15.1162,10.81927901163736,-22.214295255803467,False,False
2008fv,idgg37020_drz,266,154.2241073,73.4005966,25.93547901163736,-15.0329,10.902579011637359,-22.13099525580347,False,False
2008fv,hst_16234_69_wfc3_ir_f160w_ieel69_drz,267,154.0811036,73.3813527,25.93547901163736,-6.8981,19.03737901163736,-13.996195255803467,False,False
2008fv,idgg3b020_drz,268,154.22425,73.400687,25.93547901163736,-15.0337,10.901779011637359,-22.131795255803468,False,False
2008fv,hst_15145_31_wfc3_ir_f160w_idgg31_drz,269,154.2229907,73.4007164,25.93547901163736,-15.043,10.89247901163736,-22.141095255803467,False,False
2008fv,hst_16234_70_wfc3_ir_f160w_ieel70_drz,270,154.2033973,73.3989531,25.93547901163736,-9.9502,15.985279011637358,-17.048295255803467,False,False
2008fv,hst_skycell-p2583x18y09_wfc3_ir_f160w_coarse-all_drz,271,154.2006842,73.3763609,25.93547901163736,-5.3031,20.632379011637358,-12.401195255803469,False,False
2008fv,hst_15145_35_wfc3_ir_f160w_idgg35_drz,272,154.2230171,73.4007482,25.93547901163736,-15.0531,10.882379011637358,-22.15119525580347,False,False
2006mr,hst_skycell-p0497x09y14_wfc3_ir_f110w_all_drz,273,50.6996246,-37.3333434,25.946227204106755,0.021,25.967227204106756,-6.048893273327067,True,False
2006mr,n4b707010_mos,274,50.6738057,-37.2078755,25.946227204106755,-12.6318,13.314427204106755,-18.701693273327066,False,False
2006mr,hst_skycell-p0497x09y14_wfc3_ir_f110w_coarse-all_drz,275,50.6988011,-37.3333213,25.946227204106755,-4.5683,21.377927204106754,-10.638193273327069,True,False
2006mr,n4b707070_mos,276,50.6738141,-37.2078714,25.946227204106755,-10.5606,15.385627204106754,-16.63049327332707,False,False
2006mr,ib3n03060_drz,277,50.6737663,-37.208012,25.946227204106755,-17.0457,8.900527204106755,-23.115593273327068,False,False
2006mr,hst_13691_37_wfc3_ir_f110w_icnw37_drz,278,50.6976207,-37.3332669,25.946227204106755,0.8282,26.774427204106754,-5.241693273327069,True,False
2006mr,hst_11691_03_wfc3_ir_f110w_drz,279,50.6857506,-37.2264292,25.946227204106755,-8.7705,17.175727204106757,-14.840393273327066,False,False
2006mr,ib3n03050_drz,280,50.6737567,-37.208002,25.946227204106755,-16.5288,9.417427204106755,-22.59869327332707,False,False
2006mr,n4b707040_mos,281,50.6879207,-37.2058829,25.946227204106755,-1.894,24.052227204106757,-7.963893273327066,True,False
2006mr,n4b707030_mos,282,50.6738529,-37.2078473,25.946227204106755,-13.02,12.926227204106755,-19.089893273327068,False,False
2006mr,hst_13691_32_wfc3_ir_f160w_icnw32_drz,283,50.6984225,-37.3279069,25.946227204106755,-6.4658,19.480427204106753,-12.53569327332707,False,False
2006mr,n4b707020_mos,284,50.6877759,-37.2056816,25.946227204106755,-1.0548,24.891427204106755,-7.124693273327068,True,False
2006mr,hst_11691_03_wfc3_ir_f160w_drz,285,50.677547,-37.2331918,25.946227204106755,-8.0015,17.944727204106755,-14.071393273327068,False,False
2006mr,hst_13691_36_wfc3_ir_f160w_icnw36_drz,286,50.6977621,-37.3273233,25.946227204106755,-4.4008,21.545427204106755,-10.470693273327068,True,False
2006mr,hst_skycell-p0497x09y14_wfc3_ir_f160w_coarse-all_drz,287,50.6977951,-37.3278526,25.946227204106755,-3.2771,22.669127204106754,-9.346993273327069,True,False
2006mr,ib3n03030_drz,288,50.6737863,-37.2080291,25.946227204106755,-17.0858,8.860427204106756,-23.155693273327067,False,False
2006mr,hst_11691_03_wfc3_ir_f110w_ib3n03_drz,289,50.6736654,-37.2079692,25.946227204106755,-17.0936,8.852627204106756,-23.163493273327067,False,False
2006mr,hst_11691_03_wfc3_ir_f160w_ib3n03_drz,290,50.6736815,-37.2079722,25.946227204106755,-16.5196,9.426627204106754,-22.58949327332707,False,False
2010ai,hst_skycell-p1892x05y19_wfc3_ir_f160w_all_drz,300,194.8445711,27.9153691,25.93609583117413,-11.407,14.529095831174129,-19.951800388242294,False,False
2010ai,hst_skycell-p1973x15y02_wfc3_ir_f160w_all_drz,301,194.9331213,27.9129818,25.93609583117413,-11.2479,14.688195831174129,-19.792700388242295,False,False
2010ai,hst_14182_14_wfc3_ir_f160w_icwr14_drz,302,194.8562114,27.9732201,25.93609583117413,-11.6615,14.274595831174128,-20.206300388242294,False,False
2010ai,hst_14182_06_wfc3_ir_f160w_icwr06_drz,303,194.8837445,27.9210607,25.93609583117413,-8.8798,17.05629583117413,-17.424600388242293,False,False
2010ai,hst_skycell-p1973x15y03_wfc3_ir_f160w_coarse-all_drz,304,194.9586472,27.9722303,25.93609583117413,-0.0767,25.85939583117413,-8.621500388242293,True,False
2010ai,hst_11711_02_wfc3_ir_f160w_ib2i02_drz,305,194.9178691,27.9682709,25.93609583117413,-11.1029,14.833195831174129,-19.647700388242292,False,False
2010ai,hst_14182_07_wfc3_ir_f160w_icwr07_drz,306,194.8697855,27.9376172,25.93609583117413,-14.21,11.726095831174128,-22.754800388242295,False,False
2010ai,icwr14050_drz,307,194.8748423,27.9565424,25.93609583117413,-11.7052,14.230895831174129,-20.25000038824229,False,False
2010ai,hst_14182_11_wfc3_ir_f160w_icwr11_drz,308,195.0216664,27.9766901,25.93609583117413,-10.6033,15.332795831174128,-19.148100388242295,False,False
2010ai,hst_skycell-p1892x05y19_wfc3_ir_f160w_coarse-all_drz,309,194.8837575,27.9210707,25.93609583117413,-8.8243,17.111795831174128,-17.369100388242295,False,False
2010ai,hst_14182_59_wfc3_ir_f160w_icwr59_drz,310,195.0225148,28.024486,25.93609583117413,-11.1494,14.786695831174129,-19.694200388242294,False,False
2010ai,hst_skycell-p1973x15y03_wfc3_ir_f160w_all_drz,311,194.9564334,27.9721848,25.93609583117413,2.4106,28.346695831174127,-6.134200388242295,True,False
2010ai,hst_14182_13_wfc3_ir_f160w_icwr13_drz,312,194.9096797,27.9871887,25.93609583117413,-11.192,14.744095831174128,-19.736800388242294,False,False
2010ai,hst_skycell-p1973x15y02_wfc3_ir_f160w_coarse-all_drz,313,194.8390661,27.9147852,25.93609583117413,-11.496,14.440095831174128,-20.040800388242296,False,False
2010ai,hst_14182_18_wfc3_ir_f160w_icwr18_drz,314,194.8761544,28.0209005,25.93609583117413,-8.9372,16.998895831174128,-17.482000388242295,False,False
2010ai,hst_14182_12_wfc3_ir_f160w_icwr12_drz,315,194.9448737,27.9738461,25.93609583117413,-12.4149,13.52119583117413,-20.959700388242293,False,False
2007A,iedh14020_drz,316,6.3181261,12.8949658,25.933382638974727,-9.7606,16.172782638974727,-18.233008811024344,False,False
2007A,hst_skycell-p1592x19y06_wfc3_ir_f160w_coarse-all_drz,317,6.324759,12.8637245,25.933382638974727,-4.2906,21.642782638974726,-12.763008811024346,False,False
2007A,iedh18020_drz,318,6.3197821,12.8837441,25.933382638974727,-12.9614,12.971982638974728,-21.433808811024342,False,False
2007A,hst_16269_14_wfc3_ir_f160w_iedh14_drz,319,6.3289381,12.8621036,25.933382638974727,-6.3015,19.631882638974727,-14.773908811024345,False,False
2007A,iedh22020_drz,320,6.318154,12.8949138,25.933382638974727,-9.7939,16.139482638974727,-18.266308811024345,False,False
2007A,iedh16020_drz,321,6.3181354,12.8949483,25.933382638974727,-9.7582,16.175182638974725,-18.230608811024346,False,False
2007A,iedh20020_drz,322,6.3197926,12.8837346,25.933382638974727,-12.9583,12.975082638974728,-21.430708811024346,False,False
2007A,iedh12020_drz,323,6.3181599,12.8948814,25.933382638974727,-9.7879,16.145482638974727,-18.260308811024345,False,False
2007A,hst_16269_20_wfc3_ir_f160w_iedh20_drz,324,6.3289282,12.8620989,25.933382638974727,-6.3031,19.630282638974727,-14.775508811024345,False,False
2007A,hst_16269_22_wfc3_ir_f160w_iedh22_drz,325,6.3247612,12.8637189,25.933382638974727,-4.2172,21.71618263897473,-12.689608811024343,False,False
2007A,hst_skycell-p1592x19y06_wfc3_ir_f160w_all_drz,326,6.3247623,12.8637183,25.933382638974727,-4.1732,21.760182638974726,-12.645608811024346,False,False
2007A,hst_16269_16_wfc3_ir_f160w_iedh16_drz,327,6.328928,12.8621195,25.933382638974727,-6.2919,19.64148263897473,-14.764308811024343,False,False
2007A,hst_16269_12_wfc3_ir_f160w_iedh12_drz,328,6.3289263,12.8621109,25.933382638974727,-6.2993,19.63408263897473,-14.771708811024343,False,False
2007A,hst_16269_18_wfc3_ir_f160w_iedh18_drz,329,6.3247543,12.8637186,25.933382638974727,-4.2148,21.718582638974727,-12.687208811024345,False,False
2008L,hst_14654_14_wfc3_ir_f110w_id9214_drz,330,49.3219394,41.3854222,26.812344456057694,-13.7736,13.038744456057694,-21.559350767321874,False,False
2008L,hst_skycell-p2166x06y08_wfc3_ir_f110w_all_drz,331,49.3257505,41.3603567,26.812344456057694,-6.4531,20.359244456057695,-14.238850767321871,False,False
2008L,id9214020_drz,332,49.3311585,41.3894995,26.812344456057694,-9.2516,17.560744456057694,-17.037350767321872,False,False
2008L,hst_skycell-p2166x06y09_wfc3_ir_f110w_coarse-all_drz,333,49.2808319,41.6101608,26.812344456057694,-2.6344,24.177944456057695,-10.420150767321871,True,False
2008L,hst_skycell-p2166x06y08_wfc3_ir_f110w_coarse-all_drz,334,49.3452957,41.3798589,26.812344456057694,-12.7938,14.018544456057695,-20.57955076732187,False,False
2008L,hst_skycell-p2166x06y09_wfc3_ir_f110w_all_drz,335,49.2808892,41.6105384,26.812344456057694,-5.1472,21.665144456057696,-12.93295076732187,False,False
2008L,id9214010_drz,336,49.32198,41.3854146,26.812344456057694,-13.7007,13.111644456057695,-21.48645076732187,False,False
2005cf,HST_10182_l7_NIC_NIC3_F110W_drz,337,230.3863077,-7.4107367,23.400003872471988,99.0,122.40000387247198,90.18638893230536,True,True
2005cf,HST_10182_l1_NIC_NIC3_F160W_drz,338,230.3939944,-7.4165708,23.400003872471988,-7.0709,16.32910387247199,-15.884511067694625,False,False
2005cf,n90zl6020_mos,339,230.3930553,-7.415145,23.400003872471988,-2.7476,20.65240387247199,-11.561211067694625,True,False
2005cf,n90zl8030_mos,340,230.3935069,-7.4092503,23.400003872471988,-6.5595,16.840503872471988,-15.373111067694627,False,False
2005cf,ie5404060_drz,341,230.3462093,-7.4255689,23.400003872471988,-4.1625,19.23750387247199,-12.976111067694625,False,False
2005cf,n90zl4030_mos,342,230.3902208,-7.4038469,23.400003872471988,-1.8612,21.538803872471988,-10.674811067694627,True,False
2005cf,hst_12880_41_wfc3_ir_f160w_ic1341_drz,343,230.3857908,-7.3771068,23.400003872471988,-13.0635,10.336503872471988,-21.877111067694628,False,False
2005cf,hst_skycell-p1200x12y05_wfc3_ir_f140w_coarse-all_drz,344,230.3777443,-7.4327335,23.400003872471988,-4.324,19.076003872471986,-13.137611067694628,False,False
2005cf,hst_skycell-p1200x12y05_wfc3_ir_f105w_all_drz,345,230.3821428,-7.4345058,23.400003872471988,-2.9927,20.40730387247199,-11.806311067694626,True,False
2005cf,n90zl4020_mos,346,230.3903275,-7.4038163,23.400003872471988,-2.8378,20.562203872471986,-11.651411067694628,True,False
2005cf,ie5404070_drz,347,230.3466698,-7.4263399,23.400003872471988,99.0,122.40000387247198,90.18638893230536,True,True
2005cf,n90zl8020_mos,348,230.3935241,-7.4092332,23.400003872471988,-6.4824,16.917603872471986,-15.296011067694629,False,False
2005cf,n90zl6030_mos,349,230.3910567,-7.4035092,23.400003872471988,-4.5294,18.87060387247199,-13.343011067694626,False,False
2005cf,HST_10182_l9_NIC_NIC3_F110W_drz,350,230.3782122,-7.4097751,23.400003872471988,-2.3626,21.037403872471987,-11.176211067694627,True,False
2005cf,HST_10182_l4_NIC_NIC3_F110W_drz,351,230.3935457,-7.4126642,23.400003872471988,99.0,122.40000387247198,90.18638893230536,True,True
2005cf,HST_10182_l2_NIC_NIC3_F160W_drz,352,230.3928036,-7.4094245,23.400003872471988,-6.1164,17.28360387247199,-14.930011067694625,False,False
2005cf,HST_10182_l9_NIC_NIC3_F160W_drz,353,230.3898623,-7.4119816,23.400003872471988,-8.4439,14.956103872471989,-17.257511067694626,False,False
2005cf,HST_10182_l4_NIC_NIC3_F160W_drz,354,230.3912633,-7.4064196,23.400003872471988,99.0,122.40000387247198,90.18638893230536,True,True
2005cf,HST_10182_l2_NIC_NIC3_F110W_drz,355,230.3933817,-7.417077,23.400003872471988,-5.1963,18.203703872471987,-14.009911067694627,False,False
2005cf,n90zl2030_mos,356,230.3944451,-7.4178464,23.400003872471988,-4.0133,19.386703872471987,-12.826911067694628,False,False
2005cf,hst_skycell-p1200x12y05_wfc3_ir_f140w_all_drz,357,230.3816499,-7.4336277,23.400003872471988,-2.9699,20.43010387247199,-11.783511067694626,True,False
2005cf,ie5404010_drz,358,230.3434008,-7.4226525,23.400003872471988,-4.6874,18.712603872471988,-13.501011067694627,False,False
2005cf,n90zl2020_mos,359,230.3934995,-7.4159052,23.400003872471988,-5.5628,17.83720387247199,-14.376411067694626,False,False
2005cf,hst_15889_04_wfc3_ir_f105w_ie5404_drz,360,230.3822785,-7.4344164,23.400003872471988,-4.4116,18.988403872471988,-13.225211067694627,False,False
2005cf,hst_skycell-p1200x12y05_wfc3_ir_f125w_coarse-all_drz,361,230.3809199,-7.4350053,23.400003872471988,-4.0731,19.326903872471988,-12.886711067694627,False,False
2005cf,HST_10182_l7_NIC_NIC3_F160W_drz,362,230.3842239,-7.4154845,23.400003872471988,99.0,122.40000387247198,90.18638893230536,True,True
2005cf,hst_12880_35_wfc3_ir_f160w_ic1335_drz,363,230.3858889,-7.3771445,23.400003872471988,-12.9233,10.476703872471989,-21.736911067694628,False,False
2005cf,hst_12880_40_wfc3_ir_f160w_ic1340_drz,364,230.3857608,-7.3772052,23.400003872471988,-12.9909,10.409103872471988,-21.804511067694627,False,False
2005cf,HST_10182_l1_NIC_NIC3_F110W_drz,365,230.3937724,-7.4154379,23.400003872471988,-6.8671,16.532903872471987,-15.680711067694627,False,False
2005cf,hst_15889_04_wfc3_ir_f160w_ie5404_drz,366,230.3733996,-7.4302842,23.400003872471988,-3.6072,19.79280387247199,-12.420811067694626,False,False
2005cf,hst_12880_46_wfc3_ir_f160w_ic1346_drz,367,230.385766,-7.3771615,23.400003872471988,-13.0324,10.367603872471987,-21.846011067694626,False,False
2005cf,hst_15889_04_wfc3_ir_f125w_ie5404_drz,368,230.3809358,-7.4349966,23.400003872471988,-4.2312,19.168803872471987,-13.044811067694628,False,False
2005cf,hst_15889_04_wfc3_ir_f140w_ie5404_drz,369,230.3811096,-7.4335441,23.400003872471988,-4.2635,19.136503872471987,-13.077111067694627,False,False
2005cf,HST_10182_la_NIC_NIC3_F160W_drz,370,230.3898727,-7.4117724,23.400003872471988,-8.4265,14.973503872471987,-17.240111067694627,False,False
2005cf,n90zl9030_mos,371,230.3935116,-7.4092392,23.400003872471988,-6.5109,16.88910387247199,-15.324511067694626,False,False
2005cf,n90zl5030_mos,372,230.3912695,-7.4036287,23.400003872471988,-4.174,19.22600387247199,-12.987611067694626,False,False
2005cf,hst_12880_39_wfc3_ir_f160w_ic1339_drz,373,230.3858066,-7.3771541,23.400003872471988,-12.9086,10.491403872471988,-21.722211067694627,False,False
2005cf,HST_10182_l6_NIC_NIC3_F160W_drz,374,230.3876323,-7.4145694,23.400003872471988,-10.0876,13.312403872471988,-18.901211067694625,False,False
2005cf,n90zl7020_mos,375,230.3935418,-7.40922,23.400003872471988,-6.4519,16.94810387247199,-15.265511067694625,False,False
2005cf,HST_10182_l8_NIC_NIC3_F160W_drz,376,230.3895882,-7.4128047,23.400003872471988,-10.6615,12.738503872471988,-19.475111067694627,False,False
2005cf,hst_skycell-p1200x12y05_wfc3_ir_f125w_all_drz,377,230.3816488,-7.4350207,23.400003872471988,-2.8693,20.53070387247199,-11.682911067694626,True,False
2005cf,HST_10182_l5_NIC_NIC3_F160W_drz,378,230.3938683,-7.4137608,23.400003872471988,-4.3995,19.000503872471988,-13.213111067694626,False,False
2005cf,n90zl7030_mos,379,230.3935509,-7.4092207,23.400003872471988,-6.6519,16.748103872471987,-15.465511067694628,False,False
2005cf,HST_10182_l3_NIC_NIC3_F110W_drz,380,230.3790784,-7.4209309,23.400003872471988,-5.8051,17.59490387247199,-14.618711067694626,False,False
2005cf,n90zl5020_mos,381,230.3936955,-7.4151762,23.400003872471988,-5.5168,17.883203872471988,-14.330411067694627,False,False
2005cf,n90zl9020_mos,382,230.3935199,-7.4092331,23.400003872471988,-6.3539,17.04610387247199,-15.167511067694626,False,False
2005cf,hst_skycell-p1200x12y05_wfc3_ir_f160w_coarse-all_drz,383,230.3799618,-7.4318675,23.400003872471988,99.0,122.40000387247198,90.18638893230536,True,True
2005cf,ie5404040_drz,384,230.3445892,-7.4245492,23.400003872471988,-6.5594,16.840603872471988,-15.373011067694627,False,False
2005cf,n90zl1020_mos,385,230.3944129,-7.4178233,23.400003872471988,-5.1162,18.28380387247199,-13.929811067694626,False,False
2005cf,n90zl3030_mos,386,230.3937431,-7.4136192,23.400003872471988,-5.7987,17.601303872471988,-14.612311067694627,False,False
2005cf,HST_10182_l8_NIC_NIC3_F110W_drz,387,230.3883444,-7.4130842,23.400003872471988,-10.572,12.828003872471989,-19.385611067694626,False,False
2005cf,hst_skycell-p1200x12y05_wfc3_ir_f160w_all_drz,388,230.3805072,-7.4320272,23.400003872471988,0.2724,23.67240387247199,-8.541211067694626,True,False
2005cf,HST_10182_l5_NIC_NIC3_F110W_drz,389,230.3798201,-7.4211116,23.400003872471988,-5.7064,17.69360387247199,-14.520011067694625,False,False
2005cf,n90zla030_mos,390,230.3934847,-7.4092404,23.400003872471988,-6.6547,16.745303872471986,-15.468311067694628,False,False
2005cf,HST_10182_l3_NIC_NIC3_F160W_drz,391,230.3943396,-7.4176715,23.400003872471988,-6.7212,16.67880387247199,-15.534811067694626,False,False
2005cf,hst_12880_43_wfc3_ir_f160w_ic1343_drz,392,230.3857579,-7.3771697,23.400003872471988,-13.0346,10.365403872471989,-21.848211067694628,False,False
2005cf,HST_10182_la_NIC_NIC3_F110W_drz,393,230.388472,-7.4123563,23.400003872471988,-8.6902,14.709803872471987,-17.503811067694627,False,False
2005cf,HST_10182_l6_NIC_NIC3_F110W_drz,394,230.3940078,-7.4158625,23.400003872471988,-5.7032,17.69680387247199,-14.516811067694626,False,False
2005cf,n90zla020_mos,395,230.3934717,-7.4092442,23.400003872471988,-6.4604,16.939603872471988,-15.274011067694627,False,False
2005cf,hst_skycell-p1200x12y05_wfc3_ir_f105w_coarse-all_drz,396,230.3822842,-7.4344085,23.400003872471988,-5.1026,18.29740387247199,-13.916211067694626,False,False
2005cf,n90zl3020_mos,397,230.3935796,-7.4126189,23.400003872471988,-3.9166,19.48340387247199,-12.730211067694626,False,False
2005cf,n90zl1030_mos,398,230.3935812,-7.4129519,23.400003872471988,-5.166,18.234003872471988,-13.979611067694627,False,False
2001ah,hst_skycell-p1636x21y19_wfc3_ir_f110w_coarse-all_drz,399,185.7209775,15.8045306,25.932537326506313,-7.8461,18.086437326506314,-18.894371453150043,False,False
2001ah,hst_skycell-p1635x04y19_wfc3_ir_f110w_coarse-all_drz,400,185.8160198,15.7961322,25.932537326506313,-2.7456,23.186937326506314,-13.793871453150043,False,False
2001ah,hst_skycell-p1722x05y02_wfc3_ir_f110w_coarse-all_drz,401,185.7287881,15.8222918,25.932537326506313,-15.3815,10.551037326506313,-26.429771453150046,False,False
2001ah,hst_16075_01_wfc3_ir_f160w_ie9801_drz,402,185.7288239,15.8223461,25.932537326506313,-14.954,10.978537326506313,-26.002271453150044,False,False
2001ah,hst_16075_01_wfc3_ir_f110w_ie9801_drz,403,185.7287693,15.8223383,25.932537326506313,-15.5041,10.428437326506314,-26.552371453150045,False,False
2001ah,hst_skycell-p1635x04y19_wfc3_ir_f160w_all_drz,404,185.8140156,15.7942549,25.932537326506313,-0.3173,25.615237326506314,-11.365571453150043,True,False
2001ah,hst_14178_ct_wfc3_ir_f110w_id1kct_drz,405,185.813355,15.7951112,25.932537326506313,-1.3752,24.557337326506314,-12.423471453150043,False,False
2001ah,iejn02010_drz,406,185.7531752,15.8384692,25.932537326506313,-6.1478,19.784737326506313,-17.196071453150044,False,False
2001ah,hst_16500_62_wfc3_ir_f160w_iejn62_drz,407,185.7269767,15.8232436,25.932537326506313,-13.1575,12.775037326506313,-24.205771453150042,False,False
2001ah,ie9801020_drz,408,185.7286999,15.8222738,25.932537326506313,-14.9309,11.001637326506314,-25.979171453150045,False,False
2001ah,hst_14178_cu_wfc3_ir_f160w_id1kcu_drz,409,185.8327412,15.8200771,25.932537326506313,-11.5152,14.417337326506313,-22.563471453150044,False,False
2001ah,hst_skycell-p1635x04y19_wfc3_ir_f110w_all_drz,410,185.8140199,15.7942586,25.932537326506313,-0.6736,25.258937326506313,-11.721871453150044,True,False
2001ah,hst_15133_31_wfc3_ir_f160w_idkv31_drz,411,185.7288731,15.8222828,25.932537326506313,-14.8435,11.089037326506313,-25.891771453150042,False,False
2001ah,iejn62010_drz,412,185.7287721,15.8222813,25.932537326506313,-14.9051,11.027437326506314,-25.95337145315004,False,False
2001ah,hst_skycell-p1722x05y02_wfc3_ir_f160w_all_drz,413,185.7214012,15.7969714,25.932537326506313,-7.2217,18.710837326506315,-18.269971453150042,False,False
2001ah,hst_skycell-p1636x21y19_wfc3_ir_f110w_all_drz,414,185.721066,15.8045258,25.932537326506313,-5.9149,20.017637326506314,-16.963171453150043,False,False
2001ah,hst_16500_02_wfc3_ir_f160w_iejn02_drz,415,185.7400556,15.8082394,25.932537326506313,-5.8167,20.115837326506313,-16.864971453150044,False,False
2001ah,ie9801010_drz,416,185.7287613,15.822287,25.932537326506313,-15.4696,10.462937326506314,-26.517871453150043,False,False
2001ah,idkv31030_drz,417,185.7288847,15.8223073,25.932537326506313,-14.8729,11.059637326506314,-25.921171453150045,False,False
2001ah,hst_14178_cs_wfc3_ir_f110w_id1kcs_drz,418,185.814084,15.7951765,25.932537326506313,-1.1001,24.832437326506312,-12.148371453150045,False,False
2001ah,hst_14178_cr_wfc3_ir_f160w_id1kcr_drz,419,185.8326799,15.8200468,25.932537326506313,-11.4903,14.442237326506314,-22.53857145315004,False,False
2001ah,hst_14178_cr_wfc3_ir_f110w_id1kcr_drz,420,185.832688,15.820057,25.932537326506313,-12.1674,13.765137326506313,-23.215671453150044,False,False
2001ah,hst_skycell-p1636x21y19_wfc3_ir_f160w_coarse-all_drz,421,185.7287996,15.8223838,25.932537326506313,-14.676,11.256537326506313,-25.724271453150045,False,False
2001ah,hst_skycell-p1635x04y19_wfc3_ir_f160w_coarse-all_drz,422,185.8160199,15.7961232,25.932537326506313,-1.8806,24.051937326506312,-12.928871453150045,False,False
2001ah,hst_skycell-p1722x05y02_wfc3_ir_f160w_coarse-all_drz,423,185.7200276,15.7982231,25.932537326506313,-2.3636,23.568937326506315,-13.411871453150042,False,False
2001ah,hst_skycell-p1636x21y19_wfc3_ir_f160w_all_drz,424,185.7220851,15.804057,25.932537326506313,-3.464,22.468537326506315,-14.512271453150042,False,False
2001ah,hst_skycell-p1722x05y02_wfc3_ir_f110w_all_drz,425,185.7210648,15.8045256,25.932537326506313,-6.8077,19.124837326506313,-17.855971453150044,False,False
2005ki,hst_17446_14_wfc3_ir_f110w_if7r14_drz,426,160.1181683,9.1825752,26.803080881720497,-14.4175,12.385580881720497,-22.23247018910809,False,False
2005ki,if7r14010_drz,427,160.1181555,9.1825431,26.803080881720497,-14.3873,12.415780881720497,-22.202270189108088,False,False
2001az,if7q89010_drz,428,107.924346,49.8666599,26.802394340324035,-11.888,14.914394340324035,-21.30587099930785,False,False
2001az,hst_17436_89_wfc3_ir_f110w_if7q89_drz,429,107.9244507,49.8622462,26.802394340324035,-14.3534,12.448994340324035,-23.771270999307852,False,False
2005dv,HST_7867_13_NIC_NIC1_F110W_drz,430,205.2734197,67.6721766,22.91267699811679,-10.9847,11.92797699811679,-21.275843334275535,False,False
2005dv,HST_7867_13_NIC_NIC1_F160W_drz,431,205.2788464,67.6739223,22.91267699811679,-6.4089,16.50377699811679,-16.700043334275534,False,False
2005dv,n4m513010_mos,432,205.2734429,67.6721927,22.91267699811679,-9.4175,13.49517699811679,-19.708643334275536,False,False
2005dv,n4m513020_mos,433,205.2734286,67.6721895,22.91267699811679,-9.8544,13.05827699811679,-20.145543334275537,False,False
2003du,ie5403040_drz,434,218.6027524,59.2980264,25.946227204106755,-4.7827,21.163527204106757,-11.032114956375018,True,False
2003du,hst_15889_03_wfc3_ir_f140w_ie5403_drz,435,218.6039321,59.2979148,25.946227204106755,-5.2975,20.648727204106756,-11.54691495637502,True,False
2003du,hst_skycell-p2434x05y17_wfc3_ir_f140w_coarse-all_drz,436,218.6026393,59.2980647,25.946227204106755,99.0,124.94622720410675,92.75058504362497,True,True
2003du,hst_12880_63_wfc3_ir_f160w_drz,437,218.6306041,59.3158622,25.946227204106755,99.0,124.94622720410675,92.75058504362497,True,True
2003du,hst_12880_66_wfc3_ir_f160w_ic1366_drz,438,218.6539329,59.3379213,25.946227204106755,-10.3397,15.606527204106754,-16.58911495637502,False,False
2003du,hst_12880_59_wfc3_ir_f160w_ic1359_drz,439,218.6539274,59.3379397,25.946227204106755,-10.4547,15.491527204106754,-16.704114956375022,False,False
2003du,hst_skycell-p2434x05y17_wfc3_ir_f160w_all_drz,440,218.5997266,59.2980217,25.946227204106755,-6.1938,19.752427204106755,-12.44321495637502,False,False
2003du,ic1366020_drz,441,218.6422719,59.3401726,25.946227204106755,-7.4055,18.540727204106755,-13.65491495637502,False,False
2003du,hst_15889_03_wfc3_ir_f125w_ie5403_drz,442,218.6076895,59.2970731,25.946227204106755,-7.1622,18.784027204106756,-13.411614956375018,False,False
2003du,hst_12880_66_wfc3_ir_f160w_drz,443,218.6747697,59.3188249,25.946227204106755,99.0,124.94622720410675,92.75058504362497,True,True
2003du,ic1368020_drz,444,218.6425491,59.3393781,25.946227204106755,-7.014,18.932227204106756,-13.26341495637502,False,False
2003du,hst_12880_68_wfc3_ir_f160w_ic1368_drz,445,218.6538954,59.3378507,25.946227204106755,-10.317,15.629227204106755,-16.56641495637502,False,False
2003du,hst_12880_62_wfc3_ir_f160w_drz,446,218.632043,59.3156268,25.946227204106755,-4.4024,21.543827204106755,-10.65181495637502,True,False
2003du,hst_12880_62_wfc3_ir_f160w_ic1362_drz,447,218.6539123,59.3379414,25.946227204106755,-10.4812,15.465027204106756,-16.73061495637502,False,False
2003du,hst_12880_70_wfc3_ir_f160w_ic1370_drz,448,218.653829,59.3378099,25.946227204106755,-10.3779,15.568327204106755,-16.62731495637502,False,False
2003du,hst_12880_69_wfc3_ir_f160w_ic1369_drz,449,218.6539192,59.3379041,25.946227204106755,-10.3466,15.599627204106755,-16.596014956375022,False,False
2003du,hst_12880_61_wfc3_ir_f160w_drz,450,218.6305245,59.3158597,25.946227204106755,99.0,124.94622720410675,92.75058504362497,True,True
2003du,ic1360020_drz,451,218.6538156,59.3378302,25.946227204106755,-10.4524,15.493827204106754,-16.70181495637502,False,False
2003du,hst_skycell-p2434x05y17_wfc3_ir_f125w_coarse-all_drz,452,218.608722,59.2974886,25.946227204106755,-4.7353,21.210927204106756,-10.984714956375019,True,False
2003du,hst_12880_63_wfc3_ir_f160w_ic1363_drz,453,218.6539234,59.3379763,25.946227204106755,-10.4739,15.472327204106755,-16.72331495637502,False,False
2003du,ic1393020_drz,454,218.6417943,59.3336644,25.946227204106755,-6.673,19.273227204106753,-12.922414956375022,False,False
2003du,hst_skycell-p2434x05y17_wfc3_ir_f125w_all_drz,455,218.606722,59.2972372,25.946227204106755,-2.4525,23.493727204106754,-8.70191495637502,True,False
2003du,hst_12880_60_wfc3_ir_f160w_drz,456,218.6279481,59.3177435,25.946227204106755,-5.5369,20.409327204106756,-11.78631495637502,True,False
2003du,hst_12880_65_wfc3_ir_f160w_drz,457,218.6747118,59.3188264,25.946227204106755,99.0,124.94622720410675,92.75058504362497,True,True
2003du,ic1370020_drz,458,218.6539277,59.3379224,25.946227204106755,-10.3797,15.566527204106755,-16.62911495637502,False,False
2003du,ic1362020_drz,459,218.6537979,59.3378356,25.946227204106755,-10.4744,15.471827204106756,-16.72381495637502,False,False
2003du,hst_12880_70_wfc3_ir_f160w_drz,460,218.6872513,59.3187949,25.946227204106755,1.432,27.378227204106754,-4.817414956375021,True,False
2003du,hst_12880_93_wfc3_ir_f160w_ic1393_drz,461,218.6538319,59.3378184,25.946227204106755,-10.3698,15.576427204106755,-16.619214956375018,False,False
2003du,hst_12880_61_wfc3_ir_f160w_ic1361_drz,462,218.6539077,59.3379161,25.946227204106755,-10.4434,15.502827204106755,-16.69281495637502,False,False
2003du,hst_skycell-p2434x05y17_wfc3_ir_f140w_all_drz,463,218.6038214,59.3063653,25.946227204106755,-9.4036,16.542627204106754,-15.65301495637502,False,False
2003du,hst_skycell-p2434x05y17_wfc3_ir_f160w_coarse-all_drz,464,218.5998143,59.2980689,25.946227204106755,-6.7697,19.176527204106755,-13.01911495637502,False,False
2003du,hst_12880_69_wfc3_ir_f160w_drz,465,218.6747046,59.3188363,25.946227204106755,99.0,124.94622720410675,92.75058504362497,True,True
2003du,ie5403010_drz,466,218.6038458,59.3063634,25.946227204106755,-9.1685,16.777727204106753,-15.417914956375022,False,False
2003du,hst_12880_59_wfc3_ir_f160w_drz,467,218.6305641,59.3158706,25.946227204106755,99.0,124.94622720410675,92.75058504362497,True,True
2003du,hst_12880_65_wfc3_ir_f160w_ic1365_drz,468,218.6539093,59.3378571,25.946227204106755,-10.3494,15.596827204106756,-16.59881495637502,False,False
2003du,ic1369020_drz,469,218.6422433,59.3401963,25.946227204106755,-7.3892,18.557027204106756,-13.638614956375019,False,False
2003du,hst_12880_68_wfc3_ir_f160w_drz,470,218.6747156,59.318836,25.946227204106755,99.0,124.94622720410675,92.75058504362497,True,True
2003du,ic1365020_drz,471,218.635363,59.3363372,25.946227204106755,-8.232,17.714227204106756,-14.48141495637502,False,False
2003du,hst_skycell-p2434x05y17_wfc3_ir_f105w_coarse-all_drz,472,218.6057129,59.2976111,25.946227204106755,-5.4463,20.499927204106754,-11.69571495637502,True,False
2003du,ie5403060_drz,473,218.6055419,59.297912,25.946227204106755,-4.6645,21.281727204106755,-10.91391495637502,True,False
2003du,ic1361020_drz,474,218.642107,59.3391566,25.946227204106755,-7.4526,18.493627204106755,-13.70201495637502,False,False
2003du,hst_12880_93_wfc3_ir_f160w_drz,475,218.6872437,59.3187852,25.946227204106755,0.9135,26.859727204106754,-5.335914956375021,True,False
2003du,hst_15889_03_wfc3_ir_f160w_ie5403_drz,476,218.5995336,59.2980689,25.946227204106755,-7.0842,18.862027204106756,-13.333614956375019,False,False
2003du,ic1363020_drz,477,218.6669406,59.3416358,25.946227204106755,-7.7117,18.234527204106755,-13.96111495637502,False,False
2003du,hst_skycell-p2434x05y17_wfc3_ir_f105w_all_drz,478,218.6055716,59.2975657,25.946227204106755,-3.6636,22.282627204106756,-9.913014956375019,True,False
2003du,ic1359020_drz,479,218.6663089,59.3460301,25.946227204106755,-6.9769,18.969327204106754,-13.22631495637502,False,False
2003du,ie5403070_drz,480,218.6069844,59.2975383,25.946227204106755,-4.9395,21.006727204106756,-11.188914956375019,True,False
2003du,hst_12880_60_wfc3_ir_f160w_ic1360_drz,481,218.6633908,59.3319522,25.946227204106755,-5.304,20.642227204106753,-11.553414956375022,True,False
2003du,hst_15889_03_wfc3_ir_f105w_ie5403_drz,482,218.6057646,59.297353,25.946227204106755,-9.1626,16.783627204106757,-15.412014956375018,False,False
2006ef,hst_skycell-p1062x16y16_wfc3_ir_f110w_all_drz,483,31.0816346,-8.7611504,26.811672946714538,-6.7704,20.041272946714535,-14.384850561126896,False,False
2006ef,hst_14654_10_wfc3_ir_f110w_id9210_drz,484,31.0692909,-8.7379202,26.811672946714538,-10.0497,16.761972946714536,-17.664150561126895,False,False
2006ef,id9210010_drz,485,31.0790844,-8.7353734,26.811672946714538,-13.9366,12.875072946714537,-21.551050561126893,False,False
2006ef,hst_skycell-p1062x16y16_wfc3_ir_f110w_coarse-all_drz,486,31.0711234,-8.7341919,26.811672946714538,-7.4722,19.339472946714537,-15.086650561126895,False,False
2002de,n44b22030_mos,487,244.1075496,35.7182509,22.91267699811679,-4.9456,17.96707699811679,-17.43303706026236,False,False
2002de,HST_7328_22_NIC_NIC1_F160W_drz,488,244.1276648,35.7076543,22.91267699811679,-9.3618,13.55087699811679,-21.84923706026236,False,False
2002de,n44b22010_mos,489,244.1278529,35.708061,22.91267699811679,-7.8944,15.01827699811679,-20.381837060262363,False,False
2006bh,hst_skycell-p0143x13y09_wfc3_ir_f160w_all_drz,490,340.1041044,-66.4987787,25.933789066100992,-7.5735,18.360289066100993,-14.972744574709022,False,False
2006bh,idxba4020_drz,491,340.0669813,-66.4740179,25.933789066100992,-10.8152,15.118589066100991,-18.214444574709024,False,False
2006bh,idxb32030_drz,492,340.0669872,-66.4740183,25.933789066100992,-10.8236,15.110189066100991,-18.222844574709022,False,False
2006bh,idxb33puq_drz,493,340.0669638,-66.4739641,25.933789066100992,-10.8175,15.116289066100991,-18.216744574709026,False,False
2006bh,idxb38030_drz,494,340.0833957,-66.4806578,25.933789066100992,-11.189,14.744789066100992,-18.588244574709023,False,False
2006bh,hst_15640_31_wfc3_ir_f160w_idxb31_drz,495,340.1007577,-66.4789367,25.933789066100992,-14.11,11.823789066100993,-21.509244574709022,False,False
2006bh,hst_skycell-p0143x13y09_wfc3_ir_f160w_coarse-all_drz,496,340.0822037,-66.4901668,25.933789066100992,-7.8809,18.05288906610099,-15.280144574709023,False,False
2006bh,hst_15640_35_wfc3_ir_f160w_idxb35_drz,497,340.1178579,-66.477186,25.933789066100992,-10.9144,15.019389066100992,-18.313644574709024,False,False
2006bh,idxbab020_drz,498,340.101064,-66.4788787,25.933789066100992,-14.1162,11.817589066100993,-21.515444574709022,False,False
2006bh,idxb36030_drz,499,340.067116,-66.4739425,25.933789066100992,-10.9206,15.013189066100992,-18.319844574709023,False,False
2006bh,hst_15640_a4_wfc3_ir_f160w_idxba4_drz,500,340.1008362,-66.4789327,25.933789066100992,-14.1045,11.829289066100992,-21.503744574709025,False,False
2006bh,hst_15640_3a_wfc3_ir_f160w_idxb3a_drz,501,340.1007222,-66.4789811,25.933789066100992,-13.969,11.964789066100993,-21.368244574709024,False,False
2006bh,hst_15640_39_wfc3_ir_f160w_idxb39_drz,502,340.100706,-66.4789805,25.933789066100992,-13.982,11.951789066100993,-21.381244574709022,False,False
2006bh,hst_15640_33_wfc3_ir_f160w_idxb33_drz,503,340.1007924,-66.47894,25.933789066100992,-14.113,11.820789066100993,-21.512244574709023,False,False
2006bh,hst_15640_37_wfc3_ir_f160w_idxb37_drz,504,340.1171236,-66.4771781,25.933789066100992,-11.121,14.812789066100992,-18.520244574709025,False,False
2006bh,hst_15640_ab_wfc3_ir_f160w_idxbab_drz,505,340.1006995,-66.4789838,25.933789066100992,-13.9852,11.948589066100991,-21.384444574709022,False,False
2006bh,hst_skycell-p0143x14y09_wfc3_ir_f160w_all_drz,506,340.0445664,-66.4861605,25.933789066100992,-3.6373,22.296489066100992,-11.036544574709023,True,False
2006bh,idxb31030_drz,507,340.0673795,-66.4743719,25.933789066100992,-10.9406,14.993189066100992,-18.339844574709023,False,False
2006bh,hst_15640_36_wfc3_ir_f160w_idxb36_drz,508,340.1010664,-66.4789157,25.933789066100992,-13.9842,11.949589066100993,-21.383444574709024,False,False
2006bh,idxb35030_drz,509,340.083198,-66.480747,25.933789066100992,-11.1099,14.823889066100993,-18.509144574709023,False,False
2006bh,idxb39030_drz,510,340.0670336,-66.4738658,25.933789066100992,-10.8617,15.072089066100991,-18.260944574709022,False,False
2006bh,hst_15640_38_wfc3_ir_f160w_idxb38_drz,511,340.1010306,-66.4789239,25.933789066100992,-14.1097,11.824089066100992,-21.508944574709023,False,False
2006bh,idxb37030_drz,512,340.1008298,-66.4789439,25.933789066100992,-14.0997,11.834089066100992,-21.49894457470902,False,False
2006bh,idxb3aayq_drz,513,340.0670281,-66.4738733,25.933789066100992,-10.853,15.080789066100992,-18.252244574709025,False,False
2006bh,hst_skycell-p0143x14y09_wfc3_ir_f160w_coarse-all_drz,514,340.0445348,-66.4863203,25.933789066100992,-5.4642,20.469589066100994,-12.863444574709021,False,False
2006bh,hst_15640_32_wfc3_ir_f160w_idxb32_drz,515,340.1007779,-66.4789339,25.933789066100992,-14.1072,11.826589066100992,-21.506444574709022,False,False
2006dd,hst_skycell-p0497x09y14_wfc3_ir_f110w_all_drz,516,50.6996246,-37.3333434,25.946227204106755,0.021,25.967227204106756,-6.048893273327067,True,False
2006dd,n4b707010_mos,517,50.6738057,-37.2078755,25.946227204106755,-12.6318,13.314427204106755,-18.701693273327066,False,False
2006dd,hst_skycell-p0497x09y14_wfc3_ir_f110w_coarse-all_drz,518,50.6988011,-37.3333213,25.946227204106755,-4.5683,21.377927204106754,-10.638193273327069,True,False
2006dd,n4b707070_mos,519,50.6738141,-37.2078714,25.946227204106755,-10.5606,15.385627204106754,-16.63049327332707,False,False
2006dd,ib3n03060_drz,520,50.6737663,-37.208012,25.946227204106755,-17.0457,8.900527204106755,-23.115593273327068,False,False
2006dd,hst_skycell-p0497x09y14_wfc3_ir_f160w_all_drz,521,50.6972846,-37.3278216,25.946227204106755,-0.7742,25.172027204106755,-6.8440932733270685,True,False
2006dd,hst_13691_37_wfc3_ir_f110w_icnw37_drz,522,50.6976207,-37.3332669,25.946227204106755,0.8282,26.774427204106754,-5.241693273327069,True,False
2006dd,hst_11691_03_wfc3_ir_f110w_drz,523,50.6857506,-37.2264292,25.946227204106755,-8.7705,17.175727204106757,-14.840393273327066,False,False
2006dd,ib3n03050_drz,524,50.6737567,-37.208002,25.946227204106755,-16.5288,9.417427204106755,-22.59869327332707,False,False
2006dd,n4b707030_mos,525,50.6738529,-37.2078473,25.946227204106755,-13.02,12.926227204106755,-19.089893273327068,False,False
2006dd,hst_13691_32_wfc3_ir_f160w_icnw32_drz,526,50.6984225,-37.3279069,25.946227204106755,-6.4658,19.480427204106753,-12.53569327332707,False,False
2006dd,hst_11691_03_wfc3_ir_f160w_drz,527,50.677547,-37.2331918,25.946227204106755,-8.0015,17.944727204106755,-14.071393273327068,False,False
2006dd,hst_13691_36_wfc3_ir_f160w_icnw36_drz,528,50.6977621,-37.3273233,25.946227204106755,-4.4008,21.545427204106755,-10.470693273327068,True,False
2006dd,hst_skycell-p0497x09y14_wfc3_ir_f160w_coarse-all_drz,529,50.6977951,-37.3278526,25.946227204106755,-3.2771,22.669127204106754,-9.346993273327069,True,False
2006dd,ib3n03030_drz,530,50.6737863,-37.2080291,25.946227204106755,-17.0858,8.860427204106756,-23.155693273327067,False,False
2006dd,hst_11691_03_wfc3_ir_f110w_ib3n03_drz,531,50.6736654,-37.2079692,25.946227204106755,-17.0936,8.852627204106756,-23.163493273327067,False,False
2006dd,hst_11691_03_wfc3_ir_f160w_ib3n03_drz,532,50.6736815,-37.2079722,25.946227204106755,-16.5196,9.426627204106754,-22.58949327332707,False,False
2006bz,hst_14182_08_wfc3_ir_f160w_icwr08_drz,533,195.1780269,27.9713939,25.936650802327257,-12.771,13.165650802327256,-22.251599712445355,False,False
2006bz,hst_14182_02_wfc3_ir_f160w_icwr02_drz,534,195.1034146,27.926679,25.936650802327257,-9.8218,16.114850802327258,-19.302399712445354,False,False
2006bz,hst_14182_10_wfc3_ir_f160w_icwr10_drz,535,195.044534,27.9645458,25.936650802327257,-13.2599,12.676750802327257,-22.740499712445356,False,False
2006bz,hst_skycell-p1973x14y02_wfc3_ir_f160w_coarse-all_drz,536,195.2462695,27.8188234,25.936650802327257,-5.1397,20.796950802327256,-14.620299712445355,False,False
2006bz,hst_14182_06_wfc3_ir_f160w_icwr06_drz,537,194.8837445,27.9210607,25.936650802327257,-8.8798,17.056850802327258,-18.360399712445354,False,False
2006bz,hst_13352_cy_wfc3_ir_f160w_icdxcy_drz,538,195.2585194,27.8237296,25.936650802327257,-5.8097,20.126950802327258,-15.290299712445353,False,False
2006bz,hst_11711_02_wfc3_ir_f160w_ib2i02_drz,539,194.9178691,27.9682709,25.936650802327257,-11.1029,14.833750802327257,-20.583499712445352,False,False
2006bz,hst_14182_15_wfc3_ir_f160w_icwr15_drz,540,195.1629001,28.0098407,25.936650802327257,-8.4075,17.52915080232726,-17.888099712445353,False,False
2006bz,hst_skycell-p1973x14y02_wfc3_ir_f160w_all_drz,541,195.2466815,27.8188786,25.936650802327257,2.5037,28.440350802327256,-6.976899712445356,True,False
2006bz,hst_skycell-p1892x04y19_wfc3_ir_f160w_coarse-all_drz,542,195.0394472,27.9156808,25.936650802327257,-9.745,16.19165080232726,-19.22559971244535,False,False
2006bz,icwr08050_drz,543,195.1781775,27.9713779,25.936650802327257,-12.828,13.108650802327258,-22.308599712445353,False,False
2006bz,hst_skycell-p1892x04y19_wfc3_ir_f160w_all_drz,544,194.9350669,27.9129785,25.936650802327257,-10.7303,15.206350802327258,-20.210899712445354,False,False
2006bz,hst_14182_09_wfc3_ir_f160w_icwr09_drz,545,195.1183025,27.9723996,25.936650802327257,-11.8138,14.122850802327257,-21.294399712445355,False,False
2006bz,hst_14182_03_wfc3_ir_f160w_icwr03_drz,546,195.0682029,27.9227779,25.936650802327257,-6.6879,19.248750802327258,-16.168499712445353,False,False
2006bz,hst_14182_11_wfc3_ir_f160w_icwr11_drz,547,195.0216664,27.9766901,25.936650802327257,-10.6033,15.333350802327256,-20.083899712445355,False,False
2006bz,hst_14182_17_wfc3_ir_f160w_icwr17_drz,548,195.0787388,28.0093194,25.936650802327257,-9.9021,16.034550802327256,-19.382699712445355,False,False
2006bz,hst_13352_d1_wfc3_ir_f160w_icdxd1_drz,549,195.2500531,27.8198452,25.936650802327257,-6.0305,19.906150802327257,-15.511099712445354,False,False
2006bz,hst_14182_05_wfc3_ir_f160w_icwr05_drz,550,194.9587867,27.9248444,25.936650802327257,-10.9006,15.036050802327257,-20.381199712445355,False,False
2006bz,hst_14182_59_wfc3_ir_f160w_icwr59_drz,551,195.0225148,28.024486,25.936650802327257,-11.1494,14.787250802327257,-20.629999712445354,False,False
2006bz,hst_14182_01_wfc3_ir_f160w_icwr01_drz,552,195.1434499,27.9346944,25.936650802327257,-9.5002,16.436450802327258,-18.980799712445354,False,False
2006bz,hst_14182_13_wfc3_ir_f160w_icwr13_drz,553,194.9096797,27.9871887,25.936650802327257,-11.192,14.744650802327257,-20.672599712445354,False,False
2006bz,hst_14182_12_wfc3_ir_f160w_icwr12_drz,554,194.9448737,27.9738461,25.936650802327257,-12.4149,13.521750802327258,-21.895499712445353,False,False
2006bz,hst_skycell-p1892x03y19_wfc3_ir_f160w_all_drz,555,195.2470627,27.8189005,25.936650802327257,1.9814,27.918050802327258,-7.499199712445353,True,False
2006bz,hst_skycell-p1973x14y03_wfc3_ir_f160w_all_drz,556,195.0690475,27.9729475,25.936650802327257,3.2344,29.171050802327258,-6.246199712445353,True,False
2006bz,hst_14182_16_wfc3_ir_f160w_icwr16_drz,557,195.1090273,28.0088924,25.936650802327257,-8.6987,17.237950802327255,-18.179299712445356,False,False
2006bz,hst_13352_d0_wfc3_ir_f160w_icdxd0_drz,558,195.2585373,27.8237534,25.936650802327257,-5.8286,20.108050802327256,-15.309199712445356,False,False
2006bz,hst_14182_04_wfc3_ir_f160w_icwr04_drz,559,194.9860607,27.9300519,25.936650802327257,-11.6279,14.308750802327257,-21.108499712445354,False,False
2006bz,hst_skycell-p1973x14y03_wfc3_ir_f160w_coarse-all_drz,560,195.0469122,27.9728303,25.936650802327257,-0.2186,25.71805080232726,-9.699199712445353,True,False
2006bz,hst_skycell-p1892x03y19_wfc3_ir_f160w_coarse-all_drz,561,195.2585352,27.8237529,25.936650802327257,-5.8256,20.111050802327256,-15.306199712445355,False,False
2002dp,hst_skycell-p1846x08y13_wfc3_ir_f160w_coarse-all_drz,562,352.1257555,22.4123937,25.934455100321507,-4.9695,20.964955100321507,-12.546677531033193,False,False
2002dp,hst_15640_41_wfc3_ir_f160w_idxb41_drz,563,352.124123,22.3967626,25.934455100321507,-8.6382,17.29625510032151,-16.21537753103319,False,False
2002dp,idxb41030_drz,564,352.1312161,22.4359444,25.934455100321507,-10.3199,15.614555100321507,-17.897077531033194,False,False
2002dp,hst_15640_4a_wfc3_ir_f160w_idxb4a_drz,565,352.1112007,22.4022517,25.934455100321507,-11.6465,14.287955100321508,-19.223677531033193,False,False
2002dp,hst_15640_45_wfc3_ir_f160w_idxb45_drz,566,352.1209722,22.4079027,25.934455100321507,-6.967,18.96745510032151,-14.544177531033192,False,False
2002dp,hst_skycell-p1846x08y13_wfc3_ir_f160w_all_drz,567,352.1246948,22.3969143,25.934455100321507,-8.6487,17.28575510032151,-16.22587753103319,False,False
2002dp,idxb49030_drz,568,352.1112396,22.4020119,25.934455100321507,-13.2581,12.676355100321507,-20.835277531033192,False,False
2002dp,idxb45030_drz,569,352.1311857,22.4359162,25.934455100321507,-10.3242,15.610255100321508,-17.90137753103319,False,False
2002dp,hst_15640_44_wfc3_ir_f160w_idxb44_drz,570,352.1235763,22.3967172,25.934455100321507,-8.7728,17.161655100321507,-16.349977531033193,False,False
2002dp,idxb47030_drz,571,352.1320101,22.4374583,25.934455100321507,-15.7148,10.219655100321507,-23.291977531033194,False,False
2002dp,idxb42030_drz,572,352.1312342,22.4359588,25.934455100321507,-10.321,15.613455100321508,-17.89817753103319,False,False
2002dp,hst_15640_4b_wfc3_ir_f160w_idxb4b_drz,573,352.1163061,22.4082925,25.934455100321507,-10.9095,15.024955100321508,-18.486677531033195,False,False
2002dp,idxb43ewq_drz,574,352.1312096,22.4359184,25.934455100321507,-10.2655,15.668955100321508,-17.842677531033193,False,False
2002dp,hst_15640_46_wfc3_ir_f160w_idxb46_drz,575,352.1236492,22.3966971,25.934455100321507,-7.1562,18.77825510032151,-14.733377531033192,False,False
2002dp,idxb4abiq_drz,576,352.1320195,22.4374688,25.934455100321507,-15.8178,10.116655100321507,-23.39497753103319,False,False
2002dp,hst_15640_42_wfc3_ir_f160w_idxb42_drz,577,352.1244681,22.3969176,25.934455100321507,-9.4766,16.45785510032151,-17.05377753103319,False,False
2002dp,idxb4b030_drz,578,352.1320133,22.4374582,25.934455100321507,-15.725,10.209455100321508,-23.302177531033195,False,False
2002dp,hst_15640_48_wfc3_ir_f160w_idxb48_drz,579,352.1112682,22.401999,25.934455100321507,-13.4127,12.521755100321508,-20.989877531033194,False,False
2002dp,hst_15640_43_wfc3_ir_f160w_idxb43_drz,580,352.1241946,22.3966107,25.934455100321507,-8.8398,17.094655100321507,-16.416977531033194,False,False
2002dp,hst_15640_49_wfc3_ir_f160w_idxb49_drz,581,352.1093545,22.4210094,25.934455100321507,-10.9915,14.942955100321507,-18.568677531033195,False,False
2002dp,idxb48030_drz,582,352.1320092,22.4374586,25.934455100321507,-15.6775,10.256955100321507,-23.254677531033195,False,False
2002dp,idxb44030_drz,583,352.1312158,22.4359284,25.934455100321507,-10.3042,15.630255100321508,-17.881377531033195,False,False
2002dp,idxb46030_drz,584,352.1312266,22.4359209,25.934455100321507,-10.3251,15.609355100321507,-17.902277531033192,False,False
2002dp,hst_15640_47_wfc3_ir_f160w_idxb47_drz,585,352.1112699,22.4020128,25.934455100321507,-13.2448,12.689655100321508,-20.82197753103319,False,False
2002dj,n90ze4030_mos,586,144.3869113,23.2032039,23.400003872471988,-9.1036,14.296403872471988,-18.734854157512405,False,False
2002dj,HST_10182_e4_NIC_NIC3_F160W_drz,587,144.3843469,23.2068683,23.400003872471988,-8.2949,15.105103872471988,-17.926154157512407,False,False
2002dj,HST_10182_e2_NIC_NIC3_F110W_drz,588,144.3874197,23.2055851,23.400003872471988,-7.9959,15.404103872471989,-17.627154157512404,False,False
2002dj,HST_10182_e1_NIC_NIC3_F110W_drz,589,144.3915696,23.2036353,23.400003872471988,99.0,122.40000387247198,89.36874584248758,True,True
2002dj,n90ze4020_mos,590,144.3852391,23.2032297,23.400003872471988,-7.8133,15.586703872471988,-17.444554157512407,False,False
2002dj,n90ze2030_mos,591,144.3869511,23.2030915,23.400003872471988,-8.9507,14.449303872471988,-18.581954157512406,False,False
2002dj,HST_10182_e1_NIC_NIC3_F160W_drz,592,144.3733215,23.1989358,23.400003872471988,-0.7473,22.65270387247199,-10.378554157512404,True,False
2002dj,HST_10182_e4_NIC_NIC3_F110W_drz,593,144.3842817,23.2069225,23.400003872471988,-7.773,15.627003872471988,-17.404254157512405,False,False
2002dj,HST_10182_e2_NIC_NIC3_F160W_drz,594,144.3872534,23.2030749,23.400003872471988,-10.5851,12.814903872471987,-20.216354157512406,False,False
2002dj,if7r22010_drz,595,198.2543393,-19.5182267,23.400003872471988,-16.0,7.400003872471988,-25.631254157512405,False,False
2002dj,n90ze2020_mos,596,144.386864,23.2033196,23.400003872471988,-8.4419,14.958103872471987,-18.073154157512406,False,False
2002dj,n90ze5030_mos,597,144.3850436,23.2033498,23.400003872471988,-7.8664,15.53360387247199,-17.497654157512404,False,False
2002dj,HST_10182_e5_NIC_NIC3_F110W_drz,598,144.3849586,23.2033471,23.400003872471988,-9.49,13.910003872471988,-19.121254157512404,False,False
2002dj,HST_10182_e3_NIC_NIC3_F160W_drz,599,144.3869834,23.203539,23.400003872471988,-10.7056,12.694403872471987,-20.336854157512406,False,False
2002dj,n90ze5020_mos,600,144.385049,23.2033444,23.400003872471988,-7.7742,15.625803872471987,-17.405454157512406,False,False
2002dj,n90ze1020_mos,601,144.3756493,23.1945799,23.400003872471988,-6.3615,17.03850387247199,-15.992754157512405,False,False
2002dj,n90ze3030_mos,602,144.3868387,23.2030749,23.400003872471988,-8.9901,14.409903872471988,-18.621354157512407,False,False
2002dj,n90ze3020_mos,603,144.3867874,23.2032926,23.400003872471988,-8.5406,14.859403872471988,-18.171854157512406,False,False
2002dj,n90ze1030_mos,604,144.3868051,23.2035406,23.400003872471988,-8.8508,14.549203872471988,-18.482054157512405,False,False
2002dj,hst_17446_22_wfc3_ir_f110w_if7r22_drz,605,198.2543428,-19.5182462,23.400003872471988,-16.0426,7.357403872471988,-25.673854157512405,False,False
2002dj,HST_10182_e5_NIC_NIC3_F160W_drz,606,144.3865086,23.2034168,23.400003872471988,-10.3973,13.002703872471988,-20.028554157512403,False,False
2002dj,HST_10182_e3_NIC_NIC3_F110W_drz,607,144.3854789,23.2034389,23.400003872471988,-9.2317,14.168303872471988,-18.862954157512405,False,False
2008bf,ie4108020_drz,608,181.0059905,20.2323432,25.93389069665875,-14.2401,11.69379069665875,-23.25075233929644,False,False
2008bf,hst_skycell-p1721x07y20_wfc3_ir_f110w_coarse-all_drz,609,181.0059609,20.2322634,25.93389069665875,-14.2176,11.716290696658751,-23.22825233929644,False,False
2008bf,hst_skycell-p1806x07y03_wfc3_ir_f160w_coarse-all_drz,610,181.0312495,20.1996272,25.93389069665875,-7.2502,18.68369069665875,-16.26085233929644,False,False
2008bf,hst_skycell-p1806x07y04_wfc3_ir_f110w_coarse-all_drz,611,181.0059507,20.2322603,25.93389069665875,-14.2158,11.71809069665875,-23.226452339296443,False,False
2008bf,hst_15909_08_wfc3_ir_f160w_ie4108_drz,612,181.0301971,20.196868,25.93389069665875,-4.0426,21.89129069665875,-13.053252339296442,False,False
2008bf,hst_skycell-p1806x07y03_wfc3_ir_f160w_all_drz,613,181.0301979,20.1962515,25.93389069665875,2.2144,28.14829069665875,-6.796252339296441,True,False
2008bf,hst_15909_08_wfc3_ir_f110w_ie4108_drz,614,181.0059494,20.2322704,25.93389069665875,-14.2468,11.68709069665875,-23.257452339296442,False,False
2008bf,hst_skycell-p1806x07y04_wfc3_ir_f160w_all_drz,615,181.0324567,20.2107127,25.93389069665875,1.9482,27.88209069665875,-7.062452339296442,True,False
2008bf,hst_skycell-p1721x07y20_wfc3_ir_f110w_all_drz,616,181.0143611,20.2272458,25.93389069665875,-5.7568,20.17709069665875,-14.76745233929644,False,False
2008bf,hst_skycell-p1806x07y04_wfc3_ir_f160w_coarse-all_drz,617,181.0257558,20.2350789,25.93389069665875,-13.692,12.24189069665875,-22.702652339296442,False,False
2008bf,hst_skycell-p1721x07y20_wfc3_ir_f160w_all_drz,618,181.0306044,20.1962493,25.93389069665875,1.8173,27.75119069665875,-7.1933523392964425,True,False
2008bf,hst_skycell-p1806x07y04_wfc3_ir_f110w_all_drz,619,181.0143611,20.2272485,25.93389069665875,-5.7067,20.227190696658752,-14.71735233929644,False,False
2008bf,ie4108010_drz,620,180.9845317,20.2178683,25.93389069665875,-10.7189,15.21499069665875,-19.72955233929644,False,False
2008bf,hst_skycell-p1721x07y20_wfc3_ir_f160w_coarse-all_drz,621,181.0312505,20.1996268,25.93389069665875,-7.2434,18.69049069665875,-16.254052339296443,False,False
2002bo,n9wu17020_mos,622,154.5239968,21.8321362,19.82183169777429,-9.8554,9.96643169777429,-21.40853556262332,False,False
2002bo,HST_11080_17_NIC_NIC3_F187N_drz,623,154.5236686,21.8321642,19.82183169777429,-9.1959,10.62593169777429,-20.74903556262332,False,False
2002bo,HST_11080_17_NIC_NIC3_F190N_drz,624,154.5236681,21.8321708,19.82183169777429,-9.2545,10.56733169777429,-20.80763556262332,False,False
2002bo,n9wu17010_mos,625,154.5239939,21.8321273,19.82183169777429,-9.7652,10.05663169777429,-21.31833556262332,False,False
2006kf,hst_17446_29_wfc3_ir_f110w_if7r29_drz,626,55.4749702,8.1461057,26.803029998977948,-8.6563,18.146729998977946,-16.534993567489536,False,False
2006kf,if7r29010_drz,627,55.461939,8.1598075,26.803029998977948,-14.276,12.527029998977948,-22.154693567489534,False,False
2003cg,HST_7331_98_NIC_NIC2_F160W_drz,637,153.5626808,3.4661754,22.22930825092475,-13.7144,8.51490825092475,-22.69278121679468,False,False
2003cg,n3zd98010_mos,638,153.562535,3.4637393,22.22930825092475,-2.8478,19.38150825092475,-11.82618121679468,True,False
